2331.5,2828.25,496.75,2862.75,2957.5,94.75,727.5,1204,476.5,1189.75,1285.75,96,1310,1822.5,512.5,1907.75,2003.75,96
3215.25,3711.75,496.5,3745,3841,96,1576.75,2071,494.25,2037.25,2132,94.75,2276.75,2772.75,496,2917.75,2996.5,78.75
4098.75,4595.25,496.5,4627.5,4723.5,96,2427.25,2921.25,494,2884.75,2979.5,94.75,3277,3773,496,3913.25,3991,77.75
4965.75,5478.75,513,5509.75,5605.75,96,3276.25,3772,495.75,3732.25,3827,94.75,4260.5,4773.25,512.75,4910,4987.5,77.5
5866,6362.5,496.5,6392.25,6488.25,96,4125.5,4622.75,497.25,4579.75,4674.5,94.75,5260.75,5756.75,496,5904.25,5983,78.75
6733,7229.25,496.25,7274.5,7369.5,95,4975,5473.25,498.25,5438.75,5533.75,95,6260.75,6757,496.25,6902,6978.5,76.5
7616.75,8112.75,496,8157,8252.75,95.75,5824.75,6323.75,499,6286.5,6381.25,94.75,7261,7757.25,496.25,7894.25,7974.25,80
8500.25,9013,512.75,9039.25,9135.25,96,6674.5,7174,499.5,7145.5,7240.25,94.75,8244.5,8740.75,496.25,8888,8966.75,78.75
9383.75,9896.5,512.75,9921.5,10017.5,96,7541.25,8041,499.75,8004.75,8099.5,94.75,9244.75,9741,496.25,9879.5,9959.5,80
10267.25,10763.25,496,10804,10899.75,95.75,8391.25,8891.25,500,8852.25,8947,94.75,10228,10741.25,513.25,10877.25,10955,77.75
11150.5,11646.75,496.25,11686.25,11782.25,96,9241.5,9741.5,500,9711.25,9807.25,96,11228.5,11725,496.5,11871.75,11950.5,78.75
12034,12530.5,496.5,12568.5,12664.5,96,10108.5,10608.5,500,10570.5,10665.25,94.75,12228.5,12725.25,496.75,12866.25,12946,79.75
12917.25,13414,496.75,13451,13547,96,10958.5,11458.5,500,11429.5,11524.5,95,13212.25,13725.5,513.25,13860,13938.75,78.75
13800.75,14297.5,496.75,14333.25,14429.25,96,11808.75,12308.75,500,12277,12373,96,14212.25,14709,496.75,14856.75,14934.25,77.5
14684.5,15181.25,496.75,15215.75,15311.5,95.75,12659,13159,500,13124.5,13219.5,95,15212.5,15709.5,497,15853.25,15929.75,76.5
15567.75,16065,497.25,16098,16194,96,13509.25,14009.25,500,13972.25,14067,94.75,16212.75,16709.75,497,16847.75,16925.25,77.5
16451.5,16948.5,497,16980.25,17075.25,95,14359.25,14859.5,500.25,14831.25,14926,94.75,17196.5,17693.25,496.75,17842.25,17920.75,78.5
17318.5,17832,513.5,17862.75,17958.75,96,15209.5,15726.5,517,15678.75,15774.75,96,18196.75,18693.5,496.75,18838.75,18916.5,77.75
18202,18715.5,513.5,18745.25,18841,95.75,16059.75,16560,500.25,16526.25,16621.25,95,19197,19694,497,19833.25,19912,78.75
19085.75,19599,513.25,19627.5,19723.25,95.75,16910,17410.25,500.25,17374,17469.75,95.75,20180.75,20694,513.25,20828.75,20907.5,78.75
19969.25,20466,496.75,20509.75,20605.75,96,17760.25,18260.5,500.25,18221.5,18316.25,94.75,21181,21677.75,496.75,21823.25,21902,78.75
20852.75,21366.25,513.5,21392.25,21488,95.75,18610.25,19110.5,500.25,19069,19163.75,94.75,22181.25,22678,496.75,22819,22894.75,75.75
21736.5,22233,496.5,22274.5,22369.25,94.75,19444,19960.75,516.75,19916.5,20011.25,94.75,23165,23678,513,23813.75,23890.25,76.5
22620.25,23116.5,496.25,23157,23252.75,95.75,20294,20811.25,517.25,20764,20858.75,94.75,24165.25,24661.75,496.5,24801.25,24881,79.75
23504,24000,496,24039.25,24135,95.75,21144.25,21644.75,500.5,21611.5,21706.25,94.75,25148.75,25662,513.25,25797.75,25876.5,78.75
24387.5,24883.5,496,24921.5,25016.5,95,21994.5,22494.75,500.25,22459,22555,96,26149.25,26645.5,496.25,26790.5,26869.25,78.75
25271,25767,496,25804,25898.75,94.75,22844.5,23345,500.5,23306.5,23402.5,96,27149.5,27645.75,496.25,27786,27864.75,78.75
26154.5,26650.75,496.25,26686.25,26782.25,96,23694.75,24195.25,500.5,24154,24250,96,28133,28646,513,28780.75,28857.5,76.75
27038,27534.25,496.25,27568.5,27663.5,95,24545,25045.5,500.5,25001.5,25096.5,95,29133.25,29629.5,496.25,29774.25,29853,78.75
27921.5,28417.75,496.25,28451,28547,96,25378.5,25879,500.5,25849,25944,95,30133.5,30629.75,496.25,30771,30848.5,77.5
28805,29301.25,496.25,29333.25,29429.25,96,26228.75,26729.25,500.5,26696.5,26792.5,96,31117.25,31630,512.75,31766.5,31843,76.5
29671.75,30168,496.25,30215.75,30310.5,94.75,27079,27579.25,500.25,27555.75,27650.5,94.75,32117.5,32613.5,496,32763,32839.5,76.5
30555.25,31068.25,513,31098,31192.75,94.75,27946,28446.25,500.25,28415,28510.75,95.75,33117.75,33613.75,496,33753.5,33831.25,77.75
31438.75,31951.75,513,31980.25,32076.25,96,28812.75,29313.25,500.5,29274,29370,96,34101.5,34597.25,495.75,34747.25,34825,77.75
32322.25,32835.25,513,32862.75,32958.5,95.75,29663,30163.25,500.25,30133.25,30228,94.75,35101.75,35597.5,495.75,35740,35817.5,77.5
33205.5,33702.25,496.75,33745,33841,96,30530,31030.25,500.25,30992.25,31087,94.75,36085.25,36581,495.75,36730.25,36810.25,80
34089.25,34586,496.75,34627.5,34723.25,95.75,31380,31880.5,500.5,31839.75,31934.75,95,37085.25,37581.25,496,37725.25,37802.75,77.5
34972.75,35469.5,496.75,35509.75,35605.75,96,32230.25,32730.75,500.5,32698.75,32793.75,95,38069,38565,496,38717.75,38795.5,77.75
35856.25,36353,496.75,36392.25,36487,94.75,33080.5,33597.5,517,33558,33654,96,39069,39565,496,39707.75,39785.25,77.5
36739.5,37236.75,497.25,37274.5,37370.5,96,33947.5,34447.75,500.25,34405.75,34500.5,94.75,40052.75,40565.25,512.5,40699.25,40776.75,77.5
37623.25,38120.25,497,38156.75,38252.75,96,34781,35281.25,500.25,35253,35348,95,41052.75,41548.75,496,41695.75,41773.5,77.75
38507,39003.75,496.75,39039.25,39135.25,96,35647.75,36148.25,500.5,36112.25,36207,94.75,42053,42549,496,42690,42769,79
39390.5,39887.5,497,39921.5,40017.5,96,36498,36998.25,500.25,36971.25,37066.25,95,43036.5,43549.25,512.75,43686.75,43764.5,77.75
40274.25,40771,496.75,40804,40899.75,95.75,37365,37865.25,500.25,37819,37914.75,95.75,44036.75,44533,496.25,44679.5,44757.25,77.75
41157.75,41654.5,496.75,41686.25,41782.25,96,38215,38715.5,500.5,38678,38772.75,94.75,45020,45533.25,513.25,45669.25,45746.75,77.5
42024.75,42521.25,496.5,42568.5,42664.5,96,39065.5,39565.5,500,39537.25,39632,94.75,46020,46516.75,496.75,46664.75,46742.5,77.75
42908.5,43421.5,513,43451,43546.75,95.75,39932.25,40432.5,500.25,40396.25,40491,94.75,47020.5,47517,496.5,47657.5,47735,77.5
43792,44305,513,44333.25,44429.25,96,40782.5,41282.75,500.25,41255.25,41350.25,95,48004,48500.5,496.5,48651.75,48730.5,78.75
44675.75,45188.5,512.75,45215.75,45311.5,95.75,41649.25,42149.5,500.25,42114.5,42209.25,94.75,49004.25,49500.75,496.5,49646.5,49726.25,79.75
45559.5,46072,512.5,46098,46192.75,94.75,42499.5,42999.75,500.25,42973.75,43068.5,94.75,50004.5,50501.25,496.75,50640,50718.75,78.75
46443,46938.75,495.75,46980.25,47076.25,96,43349.75,43866.75,517,43821.25,43917,95.75,50988,51484.75,496.75,51634,51711.5,77.5
47326.5,47822.5,496,47862.75,47958.5,95.75,44200,44717,517,44680.25,44775.25,95,51988.25,52485,496.75,52629.5,52707,77.5
48210,48706,496,48745,48840,95,45066.75,45567,500.25,45539.5,45634.25,94.75,52972,53485.25,513.25,53619.75,53699.75,80
49093.25,49589.5,496.25,49627.5,49723.25,95.75,45933.75,46434,500.25,46387,46481.75,94.75,53972,54468.75,496.75,54614.75,54692.25,77.5
49977,50473,496,50509.75,50605.75,96,46783.75,47284.25,500.5,47246,47341,95,54972.25,55469,496.75,55606.25,55685,78.75
50860.25,51356.75,496.5,51392,51487,95,47634,48134.5,500.5,48093.75,48188.5,94.75,55955.75,56452.5,496.75,56600,56677.5,77.5
51744,52240,496,52274.5,52370.5,96,48484.25,48984.5,500.25,48952.75,49048.75,96,56956,57452.75,496.75,57591.5,57670.25,78.75
52627.5,53123.75,496.25,53156.75,53253.75,97,49334.5,49851.5,517,49812,49907.75,95.75,57939.75,58436.5,496.75,58584.25,58662.75,78.5
53494,54007.25,513.25,54039.25,54136,96.75,50201.5,50701.75,500.25,50671,50765.75,94.75,58940,59436.75,496.75,59575.75,59655.5,79.75
54377.5,54890.75,513.25,54921.5,55017.5,96,51068.25,51568.5,500.25,51530.25,51625,94.75,59923.5,60437.25,513.75,60572.5,60651,78.5
55261.25,55757.75,496.5,55803.75,55899.75,96,51918.5,52418.75,500.25,52389.25,52485.25,96,60923.75,61420.75,497,61566.75,61646.5,79.75
56144.5,56658,513.5,56686.25,56782.25,96,52785.25,53285.75,500.5,53248.5,53343.25,94.75,61924,62420.75,496.75,62563.5,62642.25,78.75
57028.25,57525,496.75,57568.5,57664.5,96,53635.5,54135.75,500.25,54107.5,54202.5,95,62907.75,63421.25,513.5,63557.25,63634.75,77.5
57911.75,58425.25,513.5,58451,58546.75,95.75,54485.75,55002.75,517,54966.5,55061.5,95,63908,64404.75,496.75,64545.75,64624.5,78.75
58795,59292,497,59333.25,59429.25,96,55352.75,55853,500.25,55825.75,55920.5,94.75,64891.5,65388.25,496.75,65538.5,65617.25,78.75
59678.75,60175.75,497,60215.5,60310.5,95,56203,56719.75,516.75,56673.25,56769.25,96,65891.75,66388.5,496.75,66531.25,66608.75,77.5
60562.25,61059.25,497,61098,61194,96,57069.75,57570,500.25,57532.5,57627.25,94.75,66875.25,67372.25,497,67522,67599.75,77.75
61446,61942.75,496.75,61980.25,62076.25,96,57920,58420.25,500.25,58391.5,58486.5,95,67875.75,68372.5,496.75,68512.5,68591.25,78.75
62329.5,62826.5,497,62862.75,62958.5,95.75,58787,59287,500,59250.75,59346.75,96,68859.25,69356,496.75,69505,69584.75,79.75
63213,63710,497,63745,63841,96,59637,60137.25,500.25,60110,60204.75,94.75,69859.5,70356.25,496.75,70502.75,70580.5,77.75
64096.75,64593.5,496.75,64627.5,64723.25,95.75,60504,61004.25,500.25,60969,61063.75,94.75,70859.75,71356.5,496.75,71497.25,71576,78.75
64980.25,65477,496.75,65509.75,65605.5,95.75,61354,61871,517,61828,61923,95,71843.25,72356.75,513.5,72491,72567.5,76.5
65847.25,66360.5,513.25,66392,66488,96,62204.25,62721.25,517,62675.75,62770.5,94.75,72843.5,73340.25,496.75,73487.75,73564.25,76.5
66731,67244,513,67274.5,67370.25,95.75,63071,63571.5,500.5,63534.75,63629.75,95,73843.75,74340.5,496.75,74482.25,74559.75,77.5
67614.75,68127.75,513,68156.75,68251.5,94.75,63921.5,64421.75,500.25,64382.25,64477,94.75,74827.25,75324,496.75,75474.75,75551.25,76.5
68498,69011.25,513.25,69039.25,69135,95.75,64771.75,65272,500.25,65229.75,65324.75,95,75827.75,76324.25,496.5,76467.25,76545,77.75
69381.75,69894.75,513,69921.5,70017.5,96,65621.75,66122.25,500.5,66089,66183.75,94.75,76828,77324.5,496.5,77461.75,77540.5,78.75
70265.25,70761.5,496.25,70803.75,70900.75,97,66472,66972.25,500.25,66936.5,67031.25,94.75,77811.5,78308.25,496.75,78458.5,78536,77.5
71149,71645,496,71686.25,71782,95.75,67322.25,67822.75,500.5,67795.5,67890.5,95,78811.5,79308.5,497,79454,79531.75,77.75
72032.5,72528.5,496,72568.5,72664.5,96,68189,68689.5,500.5,68654.75,68750.5,95.75,79811.75,80308.75,497,80450.75,80527.25,76.5
72916,73412.25,496.25,73451,73547.75,96.75,69039.25,69539.75,500.5,69514,69608.75,94.75,80795.5,81309,513.5,81445,81522.75,77.75
73799.5,74295.75,496.25,74333.25,74429,95.75,69889.5,70406.75,517.25,70361.5,70456.25,94.75,81795.75,82292.5,496.75,82436.75,82515.5,78.75
74683.25,75179.25,496,75215.5,75311.5,96,70756.25,71257,500.75,71220.5,71315.5,95,82796,83292.75,496.75,83433.25,83511,77.75
75566.75,76062.75,496,76098,76195,97,71606.5,72123.75,517.25,72079.75,72174.5,94.75,83779.75,84276.25,496.5,84422,84499.75,77.75
76450.25,76946.25,496,76980.25,77076.25,96,72473.5,72974,500.5,72938.75,73033.5,94.75,84780,85276.5,496.5,85417.5,85495.25,77.75
77334,77829.75,495.75,77862.5,77957.5,95,73323.75,73824.25,500.5,73798,73892.75,94.75,85763.5,86276.75,513.25,86413,86491.75,78.75
78200.75,78713.25,512.5,78745,78839.75,94.75,74173.75,74691,517.25,74645.5,74740.25,94.75,86763.75,87260.25,496.5,87408.75,87487.25,78.5
79084.25,79597,512.75,79627.25,79723.25,96,75024.25,75541.25,517,75504.5,75599.5,95,87764.25,88260.5,496.25,88403,88483,80
79967.75,80480.5,512.75,80509.75,80605.75,96,75891,76391.5,500.5,76363.75,76458.5,94.75,88764.5,89260.75,496.25,89399.5,89477.5,78
80851.5,81364,512.5,81392,81488,96,76757.75,77258.25,500.5,77222.75,77318.75,96,89748.25,90244.25,496,90396.25,90474,77.75
81735,82247.5,512.5,82274.5,82370.25,95.75,77608,78108.5,500.5,78082,78178,96,90748.5,91244.5,496,91390.75,91469.5,78.75
82618.5,83114.5,496,83156.75,83252.75,96,78458.25,78958.75,500.5,78929.5,79024.25,94.75,91749,92244.75,495.75,92384.5,92462.25,77.75
83502,83998,496,84039,84135,96,79325.25,79825.5,500.25,79788.75,79884.5,95.75,92732.5,93228.25,495.75,93379,93457.75,78.75
84385.25,84881.5,496.25,84921.5,85017.5,96,80175.5,80692.25,516.75,80647.75,80742.5,94.75,93732.5,94228.5,496,94374.5,94453.25,78.75
85269,85765,496,85803.75,85899.75,96,81042.25,81542.5,500.25,81507,81601.75,94.75,94732.75,95228.75,496,95369.25,95446,76.75
86152.5,86648.5,496,86686.25,86782,95.75,81892.5,82392.75,500.25,82354.5,82449.25,94.75,95716.5,96212.25,495.75,96362.75,96441.5,78.75
87019.25,87532,512.75,87568.5,87664.5,96,82742.75,83243,500.25,83213.5,83309.5,96,96716.5,97212.5,496,97356.5,97434,77.5
87919.5,88415.75,496.25,88450.75,88546.75,96,83609.75,84109.75,500,84072.75,84168.5,95.75,97700.25,98212.75,512.5,98348,98426.75,78.75
88803,89299.25,496.25,89333.25,89429.25,96,84460,84960,500,84932,85026.75,94.75,98700.25,99196.25,496,99336.75,99416.5,79.75
89686.5,90182.75,496.25,90215.5,90311.5,96,85326.75,85827,500.25,85791,85885.75,94.75,99683.75,100180,496.25,100330.25,100409,78.75
11.25,507.75,496.5,17.75,113.5,95.75,384,897.25,513.25,372.75,470.5,97.75,537.75,1033.75,496,504.25,600.25,96
728,1224.5,496.5,720,815.75,95.75,1117.25,1597.5,480.25,1079.75,1181,101.25,1221.25,1734,512.75,1206.75,1302.5,95.75
1428.25,1924.75,496.5,1422.5,1519.25,96.75,1817,2314.25,497.25,1787.75,1887.25,99.5,1938,2434.25,496.25,1909.25,2005,95.75
2145,2641.5,496.5,2124.75,2220.75,96,2517.25,3014.75,497.5,2485.75,2583.75,98,2621.5,3134.25,512.75,2608.5,2704.5,96
2828.5,3325,496.5,2827.25,2923.25,96,3217,3715.25,498.25,3192.75,3291.75,99,3338.25,3834.5,496.25,3311,3407,96
3545.5,4042,496.5,3523.75,3618.5,94.75,3916.25,4416,499.75,3901,4001,100,4038.5,4534.75,496.25,4013.5,4109.25,95.75
4245.5,4742.25,496.75,4226.25,4322,95.75,4632.75,5149.75,517,4597.5,4696.5,99,4738.25,5251.5,513.25,4713,4808.75,95.75
4945.75,5442.25,496.5,4928.5,5024.5,96,5332.5,5850,517.5,5295.25,5393.25,98,5438.5,5951.75,513.25,5415.25,5511.25,96
5646,6142.5,496.5,5631,5725.75,94.75,6032.5,6550.25,517.75,6003.5,6101.5,98,6155.25,6668.5,513.25,6117.75,6213.5,95.75
6346,6842.75,496.75,6333.25,6429.25,96,6749.25,7234,484.75,6700,6798,98,6855.5,7352,496.5,6820,6916,96
7046.25,7542.75,496.5,7035.75,7131.75,96,7432.5,7951,518.5,7407.25,7506.25,99,7555.75,8069,513.25,7519.5,7615.5,96
7746.5,8243,496.5,7738.25,7833,94.75,8132.5,8634.75,502.25,8116.5,8214.5,98,8255.75,8752.5,496.75,8222,8318,96
8446.75,8943,496.25,8440.5,8535.5,95,8866,9351.5,485.5,8824.5,8922.75,98.25,8956,9469.25,513.25,8924.25,9020.25,96
9146.75,9643.25,496.5,9143,9239.75,96.75,9549.5,10051.75,502.25,9520.25,9620.25,100,9672.75,10169.5,496.75,9624,9719.75,95.75
9863.75,10360.25,496.5,9845.5,9941.25,95.75,10266.25,10751.75,485.5,10228.25,10327.5,99.25,10356.25,10869.75,513.5,10326.25,10422.25,96
10564,11060.25,496.25,10542,10636.75,94.75,10949.75,11452,502.25,10925,11024,99,11056.25,11569.75,513.5,11028.75,11124.5,95.75
11247.5,11743.75,496.25,11244.5,11340.25,95.75,11666.5,12168.75,502.25,11622.5,11720.5,98,11773.25,12270,496.75,11728.25,11824,95.75
11964.25,12460.75,496.5,11946.75,12042.75,96,12350.25,12852.25,502,12330.75,12428.75,98,12473.5,12986.75,513.25,12430.5,12526.5,96
12664.5,13160.75,496.25,12649,12745,96,13050.25,13552.5,502.25,13026.25,13125.5,99.25,13173.5,13687,513.5,13133,13229,96
13364.75,13861,496.25,13351.5,13446.5,95,13767.25,14269.25,502,13734.5,13833.75,99.25,13873.75,14370.5,496.75,13832.5,13928.25,95.75
14064.75,14561.25,496.5,14054,14149.75,95.75,14484,14969.5,485.5,14443.75,14541.75,98,14573.75,15087.25,513.5,14534.75,14630.75,96
14765,15261.25,496.25,14756.5,14851.25,94.75,15167.5,15669.75,502.25,15139.25,15238.5,99.25,15274,15787.5,513.5,15234.25,15330.25,96
15465.25,15961.5,496.25,15458.75,15554.75,96,15867.75,16370,502.25,15837.25,15935,97.75,15974,16471,497,15936.75,16032.75,96
16165.5,16661.75,496.25,16161.25,16257,95.75,16567.75,17070,502.25,16545.25,16643.25,98,16674.25,17187.75,513.5,16639,16735,96
16865.5,17362,496.5,16857.75,16953.75,96,17284.75,17787,502.25,17253.5,17351.5,98,17374.25,17888,513.75,17341.5,17437.5,96
17582.5,18078.75,496.25,17560.25,17656,95.75,17984.75,18503.75,519,17950,18048,98,18058,18554.75,496.75,18041,18137,96
18282.75,18779,496.25,18262.5,18358.5,96,18685,19187.25,502.25,18646.75,18744.5,97.75,18758,19271.5,513.5,18743.5,18838.25,94.75
18983,19479,496,18965,19061,96,19385.25,19887.25,502,19354.75,19452.75,98,19458.25,19955,496.75,19445.75,19541.75,96
19683.25,20179.25,496,19661.5,19757.5,96,20085.25,20587.5,502.25,20051.5,20149.25,97.75,20158.5,20655.25,496.75,20145.25,20241.25,96
20383.5,20879.5,496,20364,20459.75,95.75,20802.25,21304.5,502.25,20759.75,20857.5,97.75,20875.5,21372,496.5,20847.75,20943.5,95.75
21083.75,21579.75,496,21066.25,21162.25,96,21485.75,21988,502.25,21466.75,21565.75,99,21575.5,22088.75,513.25,21547.25,21643,95.75
21783.5,22279.75,496.25,21768.75,21864.75,96,22186,22688,502,22164.5,22262.5,98,22275.75,22789,513.25,22252.5,22348.5,96
22483.75,22980,496.25,22471.25,22567,95.75,22886,23388.25,502.25,22861,22959,98,22975.75,23489.25,513.5,22952,23048,96
23184,23680,496,23173.5,23269.5,96,23603,24105,502,23569.25,23667.25,98,23676,24189.25,513.25,23654.5,23750.25,95.75
23884.25,24380.25,496,23876,23971.75,95.75,24303,24805.25,502.25,24276.25,24375.5,99.25,24376.25,24872.75,496.5,24354,24449.75,95.75
24584.5,25080.5,496,24578.5,24674.25,95.75,25003.25,25505.5,502.25,24974,25072,98,25076.5,25589.5,513,25056.25,25152.25,96
25301.25,25797.25,496,25280.75,25376.5,95.75,25703.5,26205.75,502.25,25682.25,25780.25,98,25776.5,26273.25,496.75,25758.75,25854.75,96
26001.5,26497.5,496,25977.5,26073.25,95.75,26420.25,26905.75,485.5,26377.75,26476.75,99,26476.75,26990,513.25,26458.25,26554,95.75
26701.5,27197.75,496.25,26679.75,26775.75,96,27103.75,27606,502.25,27087,27185,98,27177,27690.25,513.25,27160.75,27256.5,95.75
27401.75,27898,496.25,27382,27478,96,27837.25,28322.75,485.5,27783.75,27881.5,97.75,27877,28390.5,513.5,27860.25,27956,95.75
28101.75,28598,496.25,28084.5,28180.5,96,28520.75,29039.75,519,28490.75,28589.75,99,28577.25,29073.75,496.5,28562.5,28658.5,96
28802.25,29298.25,496,28787,28882.75,95.75,29221,29723.25,502.25,29201,29298,97,29277.5,29774,496.5,29265,29360.75,95.75
29502.25,29998.5,496.25,29489.25,29585.25,96,29937.75,30423.25,485.5,29897.5,29994.75,97.25,29977.5,30490.75,513.25,29967.25,30063.25,96
30202.25,30698.75,496.5,30191.75,30287.5,95.75,30621.25,31123.5,502.25,30593.25,30691.25,98,30677.75,31191,513.25,30666.75,30762.75,96
30902.75,31382.25,479.5,30894,30990,96,31338.25,31823.5,485.25,31301.25,31399.5,98.25,31394.75,31908,513.25,31369.25,31465,95.75
31586.25,32082.25,496,31596.5,31692.5,96,32038.25,32523.75,485.5,31997,32096,99,32094.75,32608,513.25,32071.75,32167.5,95.75
32319.75,32815.75,496,32299,32394.75,95.75,32738.5,33224,485.5,32706.25,32804.25,98,32795,33308.25,513.25,32771.25,32866,94.75
33003.25,33499.25,496,33001.25,33096.25,95,33438.75,33941,502.25,33413.25,33512.5,99.25,33495,34008.5,513.5,33473.5,33569.25,95.75
33720,34216.25,496.25,33697.75,33792.75,95,34155.5,34641,485.5,34111,34209,98,34195.25,34692,496.75,34173,34268.75,95.75
34420.25,34916.25,496,34400.25,34496.25,96,34839,35341.25,502.25,34818,34917.25,99.25,34895.5,35408.75,513.25,34875.25,34971.25,96
35120.5,35616.5,496,35102.75,35198.5,95.75,35539.25,36041.25,502,35515.75,35613.75,98,35595.75,36109,513.25,35577.75,35672.75,95
35820.5,36316.75,496.25,35805,35901,96,36256,36741.5,485.5,36224,36322,98,36295.75,36809.25,513.5,36277.25,36373,95.75
36520.5,37017,496.5,36507.5,36603.5,96,36956.25,37458.25,502,36921.75,37018.5,96.75,37012.5,37509.25,496.75,36979.75,37075.5,95.75
37220.75,37717,496.25,37209.75,37304.75,95,37639.75,38158.5,518.75,37628.75,37726.75,98,37696,38192.75,496.75,37679.25,37775,95.75
37920.75,38417.25,496.5,37912.25,38008.25,96,38356.5,38858.75,502.25,38324.25,38423.5,99.25,38413,38909.75,496.75,38381.5,38477.5,96
38621,39117.5,496.5,38614.75,38710.5,95.75,39073.5,39558.75,485.25,39033.5,39131.5,98,39096.5,39610,513.5,39084,39179.75,95.75
39321.25,39817.5,496.25,39311.25,39407.25,96,39773.75,40259,485.25,39741.75,39839.75,98,39796.5,40310,513.5,39783.5,39879.25,95.75
40021.25,40517.75,496.5,40013.75,40109.75,96,40473.75,40959,485.25,40438.5,40536.25,97.75,40496.75,40993.75,497,40485.75,40581.75,96
40721.5,41218,496.5,40716,40812,96,41174,41676,502,41135,41233,98,41213.5,41727.25,513.75,41185.25,41281.25,96
41438.25,41934.75,496.5,41418.5,41514.5,96,41874.25,42376.25,502,41843.25,41941.25,98,41913.75,42427.25,513.5,41890.75,41986.5,95.75
42138.5,42635,496.5,42120.75,42215.75,95,42574.5,43076.25,501.75,42539.75,42637.75,98,42614,43110.75,496.75,42590.25,42686,95.75
42855.25,43335,479.75,42817.5,42913.5,96,43291.25,43793,501.75,43248,43346,98,43314.25,43827.75,513.5,43292.5,43388.5,96
43538.75,44035.25,496.5,43519.75,43615.75,96,43974.75,44476.5,501.75,43956.25,44054.25,98,44014.25,44528,513.75,43992,44088,96
44239,44735.5,496.5,44222.25,44318.25,96,44675,45176.75,501.75,44651.75,44750.75,99,44714.5,45228,513.5,44694.5,44790.25,95.75
44939,45435.5,496.5,44924.75,45020.5,95.75,45391.75,45893.5,501.75,45361,45459,98,45415,45928.25,513.25,45396.75,45492.75,96
45639.25,46135.75,496.5,45621.25,45717.25,96,46092,46593.75,501.75,46058.75,46155.5,96.75,46115,46611.75,496.75,46096.25,46192.25,96
46339.5,46836,496.5,46329.5,46425.5,96,46808.75,47310.5,501.75,46765.75,46863.75,98,46815,47328.5,513.5,46798.75,46894.75,96
47039.75,47536.25,496.5,47026,47122,96,47492.25,47994,501.75,47474,47572,98,47515.25,48028.75,513.5,47498.25,47594,95.75
47739.75,48236.25,496.5,47728.5,47823.25,94.75,48209.25,48694.25,485,48171.75,48268.5,96.75,48232.25,48729,496.75,48200.75,48296.5,95.75
48440,48936.5,496.5,48430.75,48525.75,95,48909.25,49394.5,485.25,48877.75,48976.75,99,48915.75,49429.25,513.5,48903,48998.75,95.75
49140.25,49636.75,496.5,49133.25,49229.25,96,49593,50094.5,501.5,49574.25,49673.25,99,49616,50112.5,496.5,49602.5,49698.5,96
49840.25,50336.75,496.5,49835.75,49931.5,95.75,50309.75,50828,518.25,50272,50370,98,50316,50829.5,513.5,50305,50399.75,94.75
50557,51053.75,496.75,50538,50635,97,51009.75,51511.5,501.75,50979,51078,99,51033,51529.75,496.75,51007.25,51103.25,96
51257.25,51753.75,496.5,51234.75,51329.5,94.75,51726.75,52211.75,485,51676.75,51774.75,98,51733.25,52246.5,513.25,51709.75,51805.5,95.75
51957.5,52454,496.5,51937,52033,96,52427,52911.75,484.75,52383.75,52483,99.25,52433.25,52946.5,513.25,52409.25,52505.25,96
52657.75,53154.25,496.5,52639.5,52734.25,94.75,53110.5,53628.75,518.25,53093,53191,98,53133.5,53646.75,513.25,53111.5,53207.5,96
53358,53854.25,496.25,53341.75,53437.75,96,53810.5,54312.25,501.75,53788.75,53887.75,99,53850.25,54347,496.75,53814,53910,96
54058,54554.5,496.5,54044.25,54140.25,96,54510.75,55012.5,501.75,54498,54596,98,54533.75,55047,513.25,54513.5,54609.5,96
54758.5,55254.75,496.25,54740.75,54836.75,96,55211,55712.5,501.5,55194.5,55292.5,98,55250.75,55747.25,496.5,55213,55309,96
55458.75,55954.75,496,55443.25,55539,95.75,55927.75,56429.25,501.5,55890,55989,99,55934.25,56430.75,496.5,55918.25,56014.25,96
56159,56655,496,56145.5,56241.5,96,56628,57146.25,518.25,56599.25,56697.25,98,56634.5,57147.5,513,56617.75,56713.75,96
56858.75,57355,496.25,56848,56944,96,57344.75,57829.75,485,57307.5,57405.5,98,57334.75,57847.75,513,57320.25,57416,95.75
57559.25,58038.5,479.25,57550.25,57646.25,96,58028.25,58530,501.75,58004,58102.25,98.25,58051.5,58548,496.5,58022.5,58118.5,96
58259.25,58755.25,496,58252.75,58348.75,96,58728.5,59230.25,501.75,58711.25,58810.25,99,58751.75,59248,496.25,58722,58818,96
58959.5,59455.5,496,58955.25,59050,94.75,59428.75,59930.25,501.5,59409,59507,98,59451.75,59948.25,496.5,59424.5,59520.5,96
59676.25,60172.25,496,59657.5,59753.5,96,60145.5,60664,518.5,60105.5,60203.5,98,60152,60665.25,513.25,60126.75,60222.75,96
60376.5,60872.5,496,60354.25,60450.25,96,60845.75,61347.5,501.75,60815.5,60911.75,96.25,60852.25,61348.75,496.5,60826.25,60922.25,96
61076.5,61572.75,496.25,61056.5,61152.5,96,61545.75,62047.75,502,61520.75,61620,99.25,61552.25,62065.5,513.25,61528.75,61624.5,95.75
61760,62272.75,512.75,61759,61855,96,62262.75,62748,485.25,62231.25,62328,96.75,62252.5,62765.75,513.25,62228.25,62324.25,96
62476.75,62973,496.25,62461.5,62556.25,94.75,62946,63448,502,62926.75,63024.75,98,62952.75,63449.25,496.5,62930.75,63026.5,95.75
63177,63673.25,496.25,63158,63254,96,63646.25,64148.25,502,63622.25,63721.25,99,63669.5,64166,496.5,63633,63729,96
63877,64373.25,496.25,63860.25,63956.25,96,64363,64865.25,502.25,64331.5,64429.5,98,64353,64866.25,513.25,64332.5,64428.5,96
64577.25,65073.5,496.25,64562.75,64658.75,96,65063.25,65565.5,502.25,65039.75,65137.75,98,65053.25,65566.25,513,65035,65130.75,95.75
65277.5,65773.75,496.25,65265.25,65360,94.75,65763.5,66265.5,502,65735.25,65834.25,99,65770,66249.75,479.75,65737.25,65833.25,96
65977.5,66474,496.5,65967.5,66063.5,96,66463.5,66982.25,518.75,66443.5,66542.5,99,66453.5,66950,496.5,66436.75,66531.75,95
66677.75,67174,496.25,66670,66766,96,67163.75,67665.75,502,67141,67239,98,67153.75,67666.75,513,67139.25,67235.25,96
67378,67874.25,496.25,67366.5,67461.5,95,67864,68382.75,518.75,67848.25,67947.25,99,67870.5,68367,496.5,67841.75,67937.5,95.75
68078,68574.25,496.25,68069,68164.75,95.75,68580.75,69116.25,535.5,68544.75,68644,99.25,68554,69067.25,513.25,68541.25,68637,95.75
68778.25,69274.5,496.25,68771.25,68866.25,95,69314.25,69799.5,485.25,69254,69352.25,98.25,69271,69784,513,69243.5,69339.5,96
69478.25,69974.75,496.5,69473.75,69569.75,96,69997.75,70499.75,502,69949.5,70048.75,99.25,69971,70484.25,513.25,69946,70041.75,95.75
70195.25,70691.5,496.25,70193.5,70288.5,95,70698,71200,502,70669.5,70768.5,99,70671.25,71167.75,496.5,70665.75,70761.75,96
70895.5,71391.75,496.25,70896,70990.75,94.75,71398.25,71900,501.75,71377.75,71476.75,99,71388,71884.5,496.5,71368.25,71464,95.75
71595.75,72091.75,496,71598.5,71694.25,95.75,72098.25,72600.25,502,72085.75,72185,99.25,72071.5,72584.75,513.25,72070.5,72166.5,96
72295.75,72792,496.25,72300.75,72396.75,96,72831.75,73333.75,502,72782.5,72881.5,99,72771.75,73268.25,496.5,72773,72868.75,95.75
73012.5,73509,496.5,72997.25,73093.25,96,73532,74017.25,485.25,73491.75,73589.75,98,73472,73985,513,73472.5,73568.25,95.75
73696,74192.5,496.5,73699.75,73795.75,96,74232.25,74717.25,485,74187.25,74286.25,99,74189,74685.25,496.25,74174.75,74270.75,96
74396.25,74892.5,496.25,74402.25,74498,95.75,74915.75,75434.25,518.5,74895.5,74994.5,99,74872.5,75368.75,496.25,74874.5,74970.25,95.75
75096.5,75592.75,496.25,75104.5,75199.5,95,75632.5,76117.75,485.25,75593,75691.25,98.25,75572.75,76068.75,496,75576.75,75672.75,96
75796.5,76293,496.5,75807,75901.75,94.75,76316,76817.75,501.75,76301.25,76399.25,98,76272.75,76785.75,513,76276.25,76372,95.75
76496.75,76993,496.25,76509.25,76605.25,96,77016.25,77534.75,518.5,76996.75,77096,99.25,76973,77469.25,496.25,76978.75,77074.5,95.75
77197,77693.25,496.25,77206,77301.75,95.75,77716.5,78218.25,501.75,77695.5,77792.5,97,77673.25,78186,512.75,77681,77777,96
77897,78393.5,496.5,77908.25,78005.25,97,78450,78951.75,501.75,78401.75,78500.75,99,78390,78903,513,78383.5,78479.25,95.75
78597.25,79093.75,496.5,78610.75,78706.75,96,79133.5,79635.25,501.75,79110,79209,99,79090,79603,513,79086,79181.75,95.75
79297.5,79793.75,496.25,79313.25,79408,94.75,79833.75,80335.25,501.5,79807.5,79905.5,98,79790.25,80303.25,513,79785.25,79881.25,96
80031,80527.25,496.25,80009.75,80105.75,96,80533.75,81035.5,501.75,80514.5,80613.75,99.25,80490.5,80986.75,496.25,80487.75,80583.75,96
80731.25,81227.5,496.25,80712.25,80808,95.75,81234,81735.75,501.75,81224,81322,98,81207.25,81703.75,496.5,81190.25,81286,95.75
81431.25,81927.75,496.5,81414.5,81510.5,96,81951,82469.25,518.25,81920.5,82018.5,98,81890.75,82403.75,513,81889.75,81985.5,95.75
82131.5,82627.75,496.25,82117,82213,96,82667.75,83169.25,501.5,82628.75,82726.75,98,82591,83104,513,82591,82688,97
82815,83311.25,496.25,82819.25,82915.25,96,83351.25,83852.75,501.5,83324.25,83423.25,99,83291.25,83804.25,513,83294.5,83390.25,95.75
83515.25,84011.5,496.25,83521.75,83617.75,96,84068,84553,485,84034.5,84131.5,97,83991.25,84504.25,513,83994,84089.75,95.75
84215.5,84711.75,496.25,84218.25,84314.25,96,84751.5,85253.25,501.75,84741.5,84839.75,98.25,84691.5,85187.75,496.25,84696.25,84792.25,96
84915.75,85411.75,496,84920.75,85016.75,96,85468.5,85970,501.5,85437.25,85536.25,99,85391.75,85904.75,513,85398.75,85494.75,96
85615.75,86112,496.25,85623,85719,96,86168.5,86670.25,501.75,86146.5,86244.5,98,86091.75,86604.75,513,86098.25,86194.25,96
86316,86812.25,496.25,86325.5,86421.5,96,86868.75,87387,518.25,86855.75,86952.75,97,86792,87305,513,86800.75,86896.5,95.75
87016,87512.5,496.5,87028,87123.75,95.75,87569,88070.5,501.5,87550.25,87649.25,99,87509,88021.75,512.75,87503,87599,96
87716.25,88212.5,496.25,87730.25,87826.25,96,88285.75,88787.25,501.5,88246.75,88346,99.25,88209,88722,513,88202.5,88297.25,94.75
88433.25,88929.5,496.25,88432.75,88527.5,94.75,88986,89471,485,88956.25,89054,97.75,88909.25,89422,512.75,88905,89000.75,95.75
89133.5,89629.5,496,89135.25,89231,95.75,89669.5,90171,501.5,89651.75,89750.75,99,89609.5,90105.75,496.25,89607.25,89702.25,95
89833.75,90329.75,496,89837.5,89933.5,96,90403,90904.5,501.5,90361,90458.75,97.75,90309.75,90822.5,512.75,90309.75,90405.5,95.75
90534,91030,496,90534,90630,96,91103.25,91588,484.75,91068,91167,99,91009.75,91522.5,512.75,91009.25,91105,95.75
91234.25,91730,495.75,91236.5,91332.5,96,91786.75,92304.75,518,91764.5,91863.75,99.25,91710,92222.75,512.75,91711.5,91807.5,96
91934.25,92430.25,496,91939,92034.75,95.75,92503.5,92988.25,484.75,92473,92572,99,92410.25,92923,512.75,92410.25,92507,96.75
92634.25,93130.5,496.25,92641.25,92737.25,96,93203.75,93705.25,501.5,93170.5,93268.5,98,93110.25,93606.5,496.25,93110.25,93209.5,99.25
93334.5,93830.75,496.25,93343.75,93439.5,95.75,93920.5,94405.25,484.75,93877.5,93976.75,99.25,93810.5,94323.25,512.75,93816,93911.75,95.75
94034.75,94530.75,496,94046,94142,96,94620.75,95105.5,484.75,94574.25,94673.25,99,94510.75,95006.75,496,94515.25,94611.25,96
94735,95231,496,94748.5,94844.5,96,95321,95805.75,484.75,95283.5,95381.5,98,95210.75,95707,496.25,95217.75,95313.75,96
95435,95931,496,95445,95541,96,96004.5,96522.5,518,95980,96078,98,95911.25,96407,495.75,95920.25,96016,95.75
96135.25,96631.25,496,96147.5,96243.5,96,96704.5,97206,501.5,96675.75,96774.75,99,96628,97140.75,512.75,96622.5,96718.5,96
96835.5,97331.5,496,96850,96945.75,95.75,97404.75,97923,518.25,97385,97483,98,97328.25,97840.75,512.5,97322,97418,96
97552.25,98048.5,496.25,97552.25,97648.25,96,98105,98623.25,518.25,98093,98191,98,98028.25,98541,512.75,98024.5,98120.25,95.75
98252.25,98748.5,496.25,98254.75,98350.5,95.75,98821.75,99323.25,501.5,98789.75,98887.75,98,98728.5,99224.5,496,98724,98819.75,95.75
98952.75,99448.75,496,98951.25,99046,94.75,99522,100023.5,501.5,99496.75,99596,99.25,99428.75,99941.25,512.5,99426.25,99522.25,96
99652.75,100149,496.25,99652.75,99749.5,96.75,100222,100740.25,518.25,100193.25,100292.5,99.25,100128.75,100641.5,512.75,100128.75,100224.75,96
100352.75,100849.25,496.5,100356.25,100452,95.75,100922.25,101424,501.75,100901.5,101000.75,99.25,100829.25,101324.75,495.5,100831.25,100927,95.75
101053,101549.25,496.25,101058.5,101154.5,96,101639,102124,485,101598.25,101697.25,99,101529.25,102025,495.75,101530.5,101626.5,96
101753.25,102249.5,496.25,101760.75,101856.75,96,102322.5,102824.25,501.75,102296,102393.75,97.75,102229.25,102725.25,496,102229.25,102326,96.75
102453.25,102949.75,496.5,102457.5,102553.5,96,103039.5,103541,501.5,103004,103102,98,102929.25,103442,512.75,102935.5,103031.25,95.75
103153.5,103649.75,496.25,103165.75,103260.5,94.75,103739.5,104224.5,485,103712.25,103810.25,98,103629.5,104125.5,496,103635,103731,96
103853.5,104350,496.5,103862.25,103957,94.75,104439.75,104958,518.25,104407.75,104506.75,99,104346.25,104842.25,496,104337.25,104433.25,96
104553.75,105050.25,496.5,104564.75,104659.5,94.75,105156.5,105641.5,485,105116,105215,99,105029.5,105542.5,513,105039.75,105135.75,96
105254,105750.25,496.25,105267,105363,96,105840,106341.75,501.75,105824.25,105923.25,99,105746.5,106259.5,513,105739.25,105835.25,96
105954.25,106450.5,496.25,105969.5,106065.25,95.75,106540.25,107042,501.75,106521.75,106619.75,98,106446.5,106959.5,513,106441.75,106537.5,95.75
106671,107167.25,496.25,106666,106762,96,107257,107758.75,501.75,107219.5,107316.5,97,107146.5,107643.25,496.75,107141.25,107237,95.75
107371.25,107867.5,496.25,107368.5,107463.25,94.75,107940.5,108459,518.5,107927.75,108024.75,97,107846.75,108360,513.25,107843.5,107939.5,96
108071,108567.75,496.75,108070.75,108166.75,96,108674,109176,502,108623.25,108721.25,98,108546.75,109060.25,513.5,108546,108641.75,95.75
108771.5,109268,496.5,108773.25,108869.25,96,109357.5,109859.5,502,109331.5,109429.5,98,109247,109743.75,496.75,109248.25,109344.25,96
109471.5,109968,496.5,109475.5,109570.5,95,110057.75,110559.5,501.75,110039.75,110137.75,98,109947.25,110460.5,513.25,109947.75,110043.75,96
110171.75,110668.25,496.5,110178,110274,96,110758,111259.75,501.75,110735.25,110834.25,99,110647.5,111144,496.5,110650.25,110746,95.75
110872,111385,513,110874.75,110970.5,95.75,111458,111976.75,518.75,111433.75,111530.75,97,111347.25,111844.25,497,111349.75,111445.5,95.75
111588.75,112085.25,496.5,111577,111673,96,112158.25,112660.25,502,112140,112239,99,112047.5,112561,513.5,112049.25,112145,95.75
112289,112785.25,496.25,112279.5,112374.25,94.75,112875,113393.75,518.75,112849.25,112947.25,98,112747.75,113244.5,496.75,112751.5,112847.5,96
112989.25,113485.5,496.25,112981.75,113076.75,95,113575.25,114077.25,502,113558.5,113655.5,97,113448,113961.5,513.5,113454,113549.75,95.75
113689.5,114185.75,496.25,113684.25,113780.25,96,114275.5,114777.5,502,114253,114352,99,114148,114645,497,114156.5,114252.25,95.75
114389.75,114886,496.25,114386.5,114482.5,96,114975.75,115477.5,501.75,114961.25,115060.25,99,114848.25,115361.75,513.5,114856,114951.75,95.75
115090,115586,496,115083.25,115178,94.75,115675.75,116177.75,502,115659.75,115756.75,97,115565.25,116062,496.75,115558.25,115654.25,96
115790.25,116286,495.75,115785.5,115881.5,96,116392.75,116878,485.25,116354.5,116453.5,99,116265.5,116779,513.5,116260.75,116355.5,94.75
116473.5,116969.75,496.25,116488,116584,96,117076.25,117594.75,518.5,117062.5,117161.75,99.25,116965.75,117479,513.25,116960.25,117056,95.75
117190.25,117686.5,496.25,117190.25,117286.25,96,117809.75,118311.5,501.75,117760.25,117858.25,98,117666,118179.25,513.25,117662.5,117758.5,96
117890.75,118386.75,496,117892.75,117987.75,95,118493.25,118995,501.75,118468.5,118566.5,98,118366,118879.5,513.5,118365,118461,96
118607.25,119086.75,479.5,118595.25,118690,94.75,119193.5,119695.25,501.75,119164,119263,99,119066.25,119563,496.75,119064.5,119160.5,96
119290.75,119787,496.25,119291.75,119386.5,94.75,119910.25,120395.25,485,119872.25,119971.25,99,119766.5,120279.75,513.25,119767,119862.75,95.75
120007.5,120487,479.5,119994.25,120090.25,96,120593.75,121112,518.25,120569.75,120667.75,98,120466.5,120963.25,496.75,120469.25,120565,95.75
120691,121187.25,496.25,120696.5,120791.5,95,121294,121812.25,518.25,121279.25,121376,96.75,121166.75,121680.25,513.5,121168.75,121264.75,96
121391.25,121887.5,496.25,121399,121495,96,122011,122495.75,484.75,121985.25,122084.25,99,121867,122363.75,496.75,121868.25,121964.25,96
122091.25,122587.5,496.25,122101.5,122197.25,95.75,122727.75,123212.5,484.75,122682.75,122780.75,98,122567.25,123080.5,513.25,122570.75,122666.5,95.75
122791.5,123287.75,496.25,122803.75,122899.75,96,123428,123929.5,501.5,123391,123489,98,123267.25,123780.5,513.25,123273.25,123369,95.75
123491.5,123988,496.5,123500.25,123596.25,96,124111.5,124612.75,501.25,124087.75,124185.75,98,123967.5,124480.75,513.25,123972.5,124068.5,96
124191.5,124688.25,496.75,124202.75,124297.5,94.75,124828.25,125313,484.75,124797,124893.75,96.75,124667.75,125181,513.25,124675,124769.75,94.75
124891.75,125388.25,496.5,124905.25,125000,94.75,125528.5,126030,501.5,125492.5,125590.5,98,125384.75,125881.25,496.5,125377.25,125473.25,96
125591.5,126105.25,513.75,125607.5,125703.5,96,126228.75,126713.25,484.5,126199.5,126298.5,99,126084.75,126598,513.25,126079.75,126175.75,96
126292,126788.75,496.75,126310,126404.75,94.75,126945.5,127446.75,501.25,126898.25,126995.25,97,126785,127298.25,513.25,126779.25,126874.25,95
127008.75,127505.5,496.75,127006.5,127102.5,96,127645.75,128147,501.25,127605.5,127703.5,98,127485.25,127998.25,513,127481.75,127577.5,95.75
127709,128205.75,496.75,127709,127804.75,95.75,128329,128830.5,501.5,128312.75,128411.5,98.75,128185.5,128698.5,513,128184,128280,96
128409,128906,497,128411.5,128507.25,95.75,129046,129530.75,484.75,129011.25,129108.25,97,128885.5,129382,496.5,128885.5,128982.25,96.75
129109,129606.25,497.25,129113.75,129208.5,94.75,129729.5,130230.75,501.25,129718.5,129816.5,98,129585.75,130098.75,513,129586,129681.75,95.75
129809.25,130306.5,497.25,129816,129913,97,130463,130964.5,501.5,130413.75,130513,99.25,130286.25,130799,512.75,130288.5,130384.25,95.75
130509.5,131006.5,497,130512.75,130608.75,96,131163.25,131648,484.75,131112.5,131209.5,97,130986.25,131482.5,496.25,130987.75,131083.75,96
131209.75,131706.75,497,131215.25,131310,94.75,131846.75,132364.75,518,131819.75,131917.75,98,131686.5,132199.25,512.75,131690.25,131786.25,96
131910,132407,497,131917.5,132012.5,95,132546.75,133065,518.25,132528,132626,98,132386.5,132899.5,513,132386.75,132485.75,99
132610.25,133107.25,497,132620,132716,96,133247,133748.5,501.5,133225.5,133322.5,97,133086.75,133599.75,513,133092.25,133188,95.75
133310.5,133807.25,496.75,133322.25,133418.25,96,133963.75,134448.75,485,133934.75,134030.75,96,133787,134283.25,496.25,133794.5,133890.5,96
134010.5,134507.5,497,134024.75,134120.75,96,134664,135148.75,484.75,134630.5,134727.5,97,134487.25,134983.25,496,134494,134590,96
134710.5,135207.75,497.25,134721.25,134816.25,95,135364,135865.75,501.75,135337.5,135435.5,98,135187.25,135683.5,496.25,135196.5,135292.25,95.75
135410.75,135908,497.25,135423.75,135519.75,96,136064.25,136565.75,501.5,136046,136143.75,97.75,135887.5,136400.25,512.75,135896,135991.75,95.75
136111.25,136608,496.75,136126.25,136222,95.75,136764.5,137282.75,518.25,136741.5,136840.5,99,136604.5,137100.5,496,136595.5,136691.25,95.75
136811.25,137308.25,497,136828.5,136924.5,96,137481.25,137983,501.75,137451.75,137548.5,96.75,137304.5,137817.25,512.75,137297.75,137392.75,95
137511.5,138008.5,497,137525,137621,96,138181.5,138683,501.5,138147.25,138245.25,98,138004.75,138517.5,512.75,138000.25,138096,95.75
138228.5,138725.25,496.75,138227.5,138323.5,96,138881.75,139383.25,501.5,138843.75,138941.75,98,138705,139217.75,512.75,138699.75,138795.5,95.75
138928.5,139425.25,496.75,138930,139025.75,95.75,139581.75,140083.5,501.75,139550.75,139650,99.25,139405,139918,513,139402.25,139498,95.75
139628.75,140125.5,496.75,139632.25,139728.25,96,140282,140783.75,501.75,140248.5,140346.5,98,140104.75,140601.5,496.75,140104.5,140200.25,95.75
140345.75,140825.75,480,140363.75,140459.75,96,140998.75,141483.75,485,140990.75,141089.5,98.75,140805.25,141301.5,496.25,140836,140931.75,95.75
141029.25,141525.75,496.5,141060.25,141156.25,96,141682.25,142184,501.75,141698.75,141797.75,99,141505.5,142018.5,513,141535.25,141631.25,96
141729.5,142226,496.5,141762.75,141857.5,94.75,142399.25,142884.25,485,142395.5,142494.5,99,142205.5,142718.5,513,142237.75,142333.75,96
142429.75,142926.25,496.5,142465.25,142561,95.75,143082.75,143601,518.25,143104.75,143202.75,98,142905.5,143402,496.5,142940.25,143036,95.75
143129.75,143626.5,496.75,143167.5,143262.5,95,143816.25,144301.25,485,143801.25,143899.25,98,143622.5,144119,496.5,143642.75,143738.5,95.75
143830,144326.5,496.5,143870,143964.75,94.75,144499.75,145001.5,501.75,144508.25,144607.25,99,144306,144802.5,496.5,144342,144438,96
144530.25,145026.75,496.5,144572.25,144668.25,96,145200,145701.5,501.5,145206,145304,98,145006.25,145502.5,496.25,145044.5,145140.5,96
145230.5,145726.75,496.25,145274.75,145370.5,95.75,145916.75,146401.75,485,145913,146012.25,99.25,145706.25,146202.75,496.5,145744,145840,96
145930.5,146427,496.5,145977,146072,95,146600.25,147118.5,518.25,146610.75,146708.75,98,146406.5,146919.75,513.25,146446.5,146542.25,95.75
146630.75,147127.25,496.5,146673.75,146768.5,94.75,147333.75,147835.5,501.75,147319,147417,98,147123.25,147636.5,513.25,147146,147241.75,95.75
147331,147827.5,496.5,147376,147472,96,148017.25,148535.5,518.25,148027.25,148125.25,98,147823.5,148320,496.5,147848.25,147944.25,96
148047.75,148544.25,496.5,148078.5,148174.5,96,148734,149219,485,148722.75,148821.75,99,148523.75,149036.75,513,148547.75,148643.75,96
148748,149244.5,496.5,148775,148870,95,149434.25,149919.25,485,149431,149530,99,149223.75,149737,513.25,149250.25,149345,94.75
149448.25,149944.5,496.25,149477.5,149573.5,96,150134.5,150619.5,485,150128.75,150226.5,97.75,149924,150437.25,513.25,149952.75,150048.5,95.75
150148.25,150644.75,496.5,150180,150274.75,94.75,150834.5,151336.25,501.75,150847.25,150946.5,99.25,150624.25,151137.25,513,150652,150748,96
150848.5,151345,496.5,150882.25,150977,94.75,151534.75,152036.5,501.75,151545,151643,98,151324.25,151837.5,513.25,151354.5,151450.5,96
151548.75,152045,496.25,151579,151673.75,94.75,152235,152736.5,501.5,152252,152351.25,99.25,152024.5,152537.75,513.25,152057,152152.75,95.75
152248.75,152762,513.25,152287,152382,95,152951.75,153453.5,501.75,152949.75,153047.75,98,152724.75,153237.75,513,152756.25,152852.25,96
152949,153445.5,496.5,152983.75,153078.5,94.75,153652,154153.5,501.5,153658,153756,98,153424.75,153921.25,496.5,153458.75,153554.75,96
153649.25,154145.5,496.25,153686,153781,95,154352.25,154853.75,501.5,154353.5,154452.75,99.25,154125,154638.25,513.25,154161.25,154257,95.75
154366,154845.75,479.75,154388.5,154483.25,94.75,155052.25,155554,501.75,155062.75,155160.75,98,154825,155321.75,496.75,154860.75,154956.5,95.75
155066.25,155546,479.75,155090.75,155185.75,95,155752.5,156254,501.5,155759.5,155857.25,97.75,155525.25,156021.75,496.5,155563,155659,96
155749.75,156246,496.25,155793.25,155889.25,96,156469.5,156971,501.5,156466.5,156565.5,99,156225.5,156738.75,513.25,156265.5,156361.25,95.75
156449.75,156946.25,496.5,156489.75,156585.75,96,157169.5,157671,501.5,157163.25,157262.25,99,156942.25,157455.5,513.25,156965,157060.75,95.75
157150,157646.5,496.5,157192.25,157288.25,96,157869.75,158371.25,501.5,157872.5,157970.5,98,157642.5,158155.75,513.25,157667.25,157762.25,95
157850.25,158346.75,496.5,157894.75,157990.5,95.75,158586.5,159071.25,484.75,158580.5,158678.5,98,158342.75,158856,513.25,158369.75,158465.75,96
158567,159063.5,496.5,158597,158693,96,159286.75,159771.5,484.75,159277.25,159375.25,98,159042.75,159556,513.25,159069.25,159165.25,96
159267.25,159763.75,496.5,159299.5,159395.5,96,159987,160488.5,501.5,159985.5,160083.5,98,159743,160256.25,513.25,159771.75,159867.5,95.75
159967.25,160463.75,496.5,159996.25,160092,95.75,160687,161188.5,501.5,160682,160780,98,160443.25,160939.75,496.5,160474,160570,96
160667.5,161164,496.5,160698.5,160794.5,96,161387.25,161872,484.75,161389,161488.25,99.25,161143.5,161640,496.5,161173.5,161269.5,96
161367.5,161864.25,496.75,161400.75,161496.75,96,162070.75,162589,518.25,162087.75,162184.75,97,161843.75,162356.75,513,161876,161972,96
162067.75,162564.5,496.75,162103.25,162198,94.75,162804.5,163305.75,501.25,162795,162893,98,162544,163040.25,496.25,162578.25,162674.25,96
162768,163264.5,496.5,162805.75,162901.5,95.75,163504.5,164006,501.5,163491.5,163589.5,98,163244.25,163757,512.75,163280.75,163376.5,95.75
163468.25,163964.75,496.5,163508,163604,96,164188,164689.25,501.25,164188.25,164286.25,98,163944.25,164440.5,496.25,163980.25,164076,95.75
164185,164664.75,479.75,164204.75,164300.5,95.75,164888.25,165389.5,501.25,164896.5,164994.5,98,164644.5,165157.25,512.75,164682.75,164778.5,95.75
164868.25,165365,496.75,164907,165003,96,165588.5,166089.75,501.25,165603.5,165702.5,99,165361.5,165874.25,512.75,165382,165478,96
165568.5,166082,513.5,165609.5,165705.25,95.75,166288.5,166790,501.5,166301.25,166399.25,98,166078.25,166591,512.75,166084.5,166180.5,96
166268.75,166765.5,496.75,166312,166407.75,95.75,167005.5,167523.25,517.75,166998.75,167095.75,97,166778.75,167291.25,512.5,166787,166882.75,95.75
166968.75,167465.75,497,167008.5,167104.25,95.75,167705.75,168206.75,501,167705,167804,99,167478.75,167991.25,512.5,167489.25,167585.25,96
167669,168165.75,496.75,167710.75,167806.75,96,168422.5,168923.75,501.25,168414.25,168512.25,98,168179,168674.75,495.75,168188.75,168284.75,96
168369,168882.75,513.75,168413.25,168509.25,96,169106,169607.25,501.25,169110.75,169208.75,98,168879,169391.75,512.75,168891.25,168987.25,96
169086,169583,497,169115.75,169211.5,95.75,169823,170307.5,484.5,169818,169917,99,169579.25,170091.75,512.5,169590.75,169685.5,94.75
169786,170283,497,169818,169914,96,170506.5,171007.75,501.25,170515.75,170613.5,97.75,170279.5,170792,512.5,170293,170389,96
170486,170983.25,497.25,170514.75,170610.5,95.75,171223.25,171724.5,501.25,171222.75,171321.75,99,170979.75,171475.5,495.75,170995.5,171091.5,96
171186.25,171700,513.75,171217,171311.75,94.75,171923.5,172424.5,501,171920.25,172018.5,98.25,171679.75,172192.25,512.5,171698,171792.75,94.75
171903.25,172383.5,480.25,171919.5,172015.25,95.75,172623.5,173124.75,501.25,172628.5,172726.5,98,172380,172892.5,512.5,172397.5,172493.25,95.75
172586.5,173100.25,513.75,172621.75,172717.75,96,173340.5,173825,484.5,173324,173423.25,99.25,173080,173592.75,512.75,173099.75,173194.75,95
173286.75,173783.75,497,173324.25,173420.25,96,174040.5,174525.25,484.75,174032.25,174131.5,99.25,173780,174292.75,512.75,173802.25,173898.25,96
173986.75,174483.75,497,174026.5,174121.5,95,174724,175225.25,501.25,174730,174828,98,174497.25,174993,495.75,174501.75,174597.5,95.75
174703.75,175184,480.25,174723.25,174818,94.75,175441,175925.5,484.5,175439.25,175536.25,97,175197.25,175693,495.75,175204,175300,96
175387.25,175884.25,497,175425.75,175521.5,95.75,176124.5,176625.75,501.25,176133.75,176232.75,99,175897.5,176393.25,495.75,175903.75,175999.5,95.75
176087.5,176601,513.5,176128,176222.75,94.75,176841.25,177359.25,518,176842,176941,99,176597.5,177110.25,512.75,176606,176701.75,95.75
176804.25,177284.5,480.25,176830.5,176926.25,95.75,177558.25,178042.75,484.5,177551.25,177649.25,98,177297.5,177810.25,512.75,177308.5,177404.25,95.75
177488,177984.75,496.75,177532.75,177628.75,96,178241.75,178743,501.25,178259.5,178357.5,98,177997.75,178493.75,496,178008,178103.75,95.75
178188,178684.75,496.75,178235.25,178330,94.75,178941.75,179443,501.25,178956.25,179054,97.75,178681.25,179194,512.75,178710.25,178806.25,96
178904.75,179435,530.25,178931.75,179027.75,96,179642,180143.25,501.25,179664.25,179762.25,98,179381.5,179894,512.5,179412.75,179508.5,95.75
179605.25,180101.75,496.5,179634.25,179730,95.75,180358.75,180860,501.25,180361,180458.75,97.75,180081.5,180594.25,512.75,180112.25,180208,95.75
180305.5,180802,496.5,180336.5,180432.5,96,181059,181560.25,501.25,181068,181167,99,180781.75,181277.75,496,180814.5,180910.5,96
181005.5,181502,496.5,181039,181135,96,181759.25,182277.25,518,181777.25,181875.25,98,181481.75,181994.5,512.75,181517,181613,96
181705.75,182202.25,496.5,181735.5,181831.5,96,182476,182977.25,501.25,182474,182571.75,97.75,182182,182694.75,512.75,182219.5,182315.25,95.75
182406,182919,513,182438,182533.75,95.75,183176.25,183677.5,501.25,183182,183280,98,182882,183395,513,182918.75,183014.75,96
183106.25,183602.75,496.5,183140.5,183236.25,95.75,183876.25,184377.75,501.5,183877.5,183976.5,99,183582.25,184078.5,496.25,183621.25,183717.25,96
183806.5,184302.75,496.25,183848.5,183944.5,96,184576.5,185077.75,501.25,184585.75,184684.75,99,184282.5,184795.25,512.75,184320.75,184416.75,96
184506.75,185003,496.25,184545.25,184641,95.75,185276.75,185778,501.25,185282.25,185381.25,99,184999.25,185512,512.75,185023.25,185119,95.75
185206.75,185703.25,496.5,185247.5,185342.5,95,185993.5,186495,501.5,185991.5,186089.5,98,185699.5,186195.5,496,185725.5,185820.5,95
185907,186403.25,496.25,185950,186046,96,186677,187178.25,501.25,186687,186786.25,99.25,186399.5,186912.5,513,186425,186521,96
186607.25,187103.5,496.25,186646.5,186742.5,96,187410.5,187912,501.5,187396.25,187494.25,98,187099.75,187612.5,512.75,187127.5,187223.25,95.75
187307.5,187803.75,496.25,187349,187445,96,188094,188612,518,188103.5,188202.5,99,187799.75,188313,513.25,187829.75,187925.75,96
188007.75,188504,496.25,188051.25,188148.25,97,188811,189295.5,484.5,188801.25,188899.25,98,188500,189013,513,188529.25,188625.25,96
188724.5,189220.75,496.25,188753.75,188849.75,96,189511,190012.25,501.25,189509.5,189607.25,97.75,189200,189713.25,513.25,189229,189324.75,95.75
189424.75,189921,496.25,189456.25,189551,94.75,190194.5,190696,501.5,190206,190304,98,189900,190396.5,496.5,189934.25,190030,95.75
190124.75,190621,496.25,190158.5,190253.5,95,190911.5,191429.5,518,190913.25,191012.25,99,190600.25,191096.75,496.5,190633.75,190729.5,95.75
190825.25,191321.25,496,190855.25,190951,95.75,191611.5,192113,501.5,191609.75,191708.75,99,191300.5,191813.75,513.25,191336,191432,96
191525.5,192021.5,496,191557.5,191653.5,96,192311.75,192829.75,518,192319,192417,98,192000.75,192497.25,496.5,192038.5,192134.5,96
192225.25,192721.5,496.25,192260,192356.75,96.75,193028.5,193513.25,484.75,193014.5,193113.5,99,192700.75,193214,513.25,192738,192833.75,95.75
192925.5,193421.75,496.25,192962.25,193058.25,96,193728.75,194230,501.25,193723.75,193821.75,98,193401,193914.25,513.25,193440.25,193536.25,96
193625.75,194138.5,512.75,193664.75,193759.5,94.75,194445.5,194930.25,484.75,194430.75,194530,99.25,194117.75,194631.25,513.5,194142.75,194237.5,94.75
194326,194822,496,194367,194463,96,195145.75,195630.5,484.75,195129.75,195226.5,96.75,194818,195331.25,513.25,194842.25,194938,95.75
195026.25,195522.25,496,195063.75,195158.5,94.75,195829.25,196330.5,501.25,195835.75,195934.75,99,195518,196014.75,496.75,195544.75,195640.5,95.75
195742.75,196222.5,479.75,195766.25,195861,94.75,196529.5,197047.5,518,196534.5,196631.25,96.75,196218.25,196731.75,513.5,196247,196343,96
196426.5,196922.75,496.25,196468.5,196564.5,96,197229.75,197747.5,517.75,197242.75,197339.5,96.75,196918.5,197431.75,513.25,196946.5,197042.5,96
197126.75,197623,496.25,197171,197266.75,95.75,197929.75,198431.25,501.5,197949.75,198047.75,98,197618.5,198132.25,513.75,197649,197744.75,95.75
197826.75,198323,496.25,197873.25,197968.25,95,198646.75,199148,501.25,198646.5,198744.25,97.75,198318.75,198832.25,513.5,198351.5,198447.25,95.75
198543.5,199040,496.5,198570,198666,96,199347,199848,501,199353.5,199452.5,99,199019,199532.5,513.5,199053.75,199149.5,95.75
199243.75,199740.25,496.5,199272.25,199368.25,96,200047.25,200565,517.75,200051.25,200150,98.75,199719.25,200216,496.75,199753.25,199849,95.75
199943.75,200440.25,496.5,199974.75,200070.5,95.75,200747.25,201248.5,501.25,200746.75,200845.75,99,200419.75,200932.75,513,200455.75,200551.5,95.75
200644,201140.5,496.5,200677.25,200773,95.75,201464,201965.25,501.25,201456,201554,98,201119.75,201616.25,496.5,201158,201254,96
201344,201840.75,496.75,201379.5,201475.5,96,202164.25,202665.5,501.25,202164.25,202262,97.75,201819.75,202316.5,496.75,201857.5,201953.5,96
202044.25,202541,496.75,202082,202178,96,202881,203382.25,501.25,202873.25,202970.5,97.25,202520,203033.5,513.5,202560,202654.75,94.75
202761,203241,480,202784.25,202880.25,96,203581.25,204082.5,501.25,203569,203667,98,203237,203733.75,496.75,203259.5,203355.25,95.75
203444.5,203941.25,496.75,203481,203575.75,94.75,204264.75,204766,501.25,204276,204375,99,203937,204450.5,513.5,203961.75,204057.75,96
204161.25,204641.5,480.25,204183.25,204279.25,96,204965,205466,501,204972.5,205071.75,99.25,204654,205150.5,496.5,204661.25,204757.25,96
204844.75,205341.75,497,204885.75,204981.75,96,205665.25,206166.25,501,205680.75,205780,99.25,205337.5,205850.75,513.25,205363.75,205459.5,95.75
205545,206041.75,496.75,205588,205684,96,206365.25,206866.5,501.25,206377.5,206476.5,99,206037.75,206551,513.25,206066,206162,96
206245,206742,497,206290.5,206386.5,96,207098.75,207600,501.25,207075.25,207173,97.75,206738,207234.5,496.5,206765.5,206861.5,96
206945.25,207442.25,497,206987,207083,96,207799,208300.25,501.25,207794,207893,99,207438,207934.5,496.5,207468,207563.75,95.75
207662,208159,497,207689.5,207785.5,96,208482.5,208983.75,501.25,208490.5,208589.5,99,208138.75,208651.25,512.5,208167.5,208263.5,96
208362.25,208859.25,497,208391.75,208487.75,96,209182.75,209683.75,501,209188.25,209286.25,98,208838.75,209351.5,512.75,208870,208965.75,95.75
209062.25,209559.25,497,209094.25,209190.25,96,209883,210384,501,209896.5,209994.5,98,209539,210051.75,512.75,209572.25,209668.25,96
209762.5,210259.5,497,209796.75,209892.5,95.75,210583,211084.25,501.25,210593,210691,98,210239,210751.75,512.75,210271.75,210367.75,96
210462.75,210959.75,497,210597.75,210693.75,96,211283.25,211784.25,501,211404.5,211503.5,99,210939.25,211452,512.75,211073,211168.75,95.75
211162.75,211660,497.25,211300,211395,95,212000,212501.25,501.25,212103.25,212200.25,97,211639.5,212152.25,512.75,211775.25,211871.25,96
211863,212360.25,497.25,212002.5,212099.5,97,212700.25,213218,517.75,212797.75,212896.75,99,212339.75,212852.25,512.5,212477.75,212573.5,95.75
212563,213060.25,497.25,212699.25,212795,95.75,213417,213918.25,501.25,213507,213605,98,213039.75,213552.5,512.75,213177.25,213273,95.75
213263.25,213760.5,497.25,213401.5,213498.5,97,214100.5,214601.75,501.25,214214.25,214313.25,99,213756.75,214269.25,512.5,213879.5,213975.5,96
213963.5,214460.5,497,214104,214198.75,94.75,214800.75,215302,501.25,214910.75,215009.75,99,214457,214969.5,512.5,214582,214677.75,95.75
214663.75,215160.75,497,214806.25,214902.25,96,215517.5,216018.75,501.25,215620,215718,98,215157.25,215669.75,512.5,215281.5,215377.25,95.75
215364,215860.75,496.75,215508.75,215604.75,96,216234.25,216719,484.75,216316.75,216414.75,98,215857.25,216353.25,496,215983.75,216079.75,96
216080.75,216561,480.25,216211.25,216307,95.75,216934.5,217435.75,501.25,217024.75,217122.75,98,216557.5,217070,512.5,216686.25,216782.25,96
216764.25,217261.25,497,216907.75,217002.5,94.75,217618,218119.25,501.25,217734,217831,97,217274.25,217770.25,496,217385.75,217480.5,94.75
217481,217978,497,217610.25,217706,95.75,218318.25,218836.25,518,218429.5,218527.5,98,217957.5,218470.25,512.75,218088,218184,96
218181.25,218678.25,497,218312.5,218408.5,96,219051.75,219536.5,484.75,219138.75,219235.75,97,218674.75,219170.5,495.75,218787.5,218883.5,96
218881.25,219378.5,497.25,219009,219105,96,219735.25,220236.5,501.25,219833.25,219933.25,100,219358.25,219854,495.75,219490,219586,96
219581.5,220078.75,497.25,219711.5,219807.5,96,220452,220936.75,484.75,220541.5,220640.5,99,220058.25,220554,495.75,220192.5,220288.25,95.75
220281.75,220778.75,497,220414,220509.75,95.75,221135.5,221653.75,518.25,221239.25,221337.25,98,220758.5,221271,512.5,220892,220987.75,95.75
220981.75,221479,497.25,221116.25,221212.25,96,221835.75,222337.25,501.5,221946.25,222045.5,99.25,221458.75,221971,512.25,221594.25,221690.25,96
221682,222179.25,497.25,221818.75,221914.75,96,222535.75,223020.75,485,222645,222742,97,222158.75,222671.25,512.5,222296.75,222392.5,95.75
222382.25,222879.25,497,222515.25,222611.25,96,223219.25,223720.75,501.5,223351,223450.25,99.25,222858.75,223371.5,512.75,222996.25,223092,95.75
223082.5,223579.5,497,223223.5,223319.5,96,223936.25,224421,484.75,224048.75,224146.75,98,223575.5,224071.75,496.25,223698.5,223794.5,96
223799.25,224279.75,480.5,223920,224015,95,224619.75,225138,518.25,224744.25,224843.5,99.25,224276,224788.5,512.5,224398,224494,96
224482.75,224979.75,497,224622.5,224717.25,94.75,225336.5,225838,501.5,225452.5,225551.5,99,224976.25,225472,495.75,225100.5,225196.25,95.75
225183,225680,497,225325,225420.75,95.75,226036.75,226555,518.25,226150.25,226248.25,98,225693,226172.25,479.25,225803,225898.75,95.75
225883.25,226380,496.75,226021.5,226117.5,96,226736.75,227238.5,501.75,226857.25,226956.5,99.25,226376.25,226889,512.75,226502.5,226598.25,95.75
226583.25,227080.25,497,226724,226819.75,95.75,227453.75,227955.25,501.5,227553.75,227653,99.25,227076.25,227589.25,513,227204.75,227300.75,96
227283.5,227780.5,497,227426.25,227523.25,97,228137.25,228638.75,501.5,228264.25,228361.25,97,227776.5,228289.25,512.75,227907.25,228002,94.75
227983.75,228480.75,497,228128.75,228224.5,95.75,228837.5,229339,501.5,228971.25,229069.5,98.25,228476.75,228989.5,512.75,228606.75,228702.5,95.75
228684,229180.75,496.75,228831,228927,96,229537.75,230039,501.25,229669,229766,97,229176.75,229689.5,512.75,229309,229405,96
229400.5,229897.75,497.25,229527.75,229622.5,94.75,230254.5,230756,501.5,230375.25,230474.25,99,229877,230373.25,496.25,230008.5,230104.5,96
230100.75,230614.5,513.75,230230.25,230326,95.75,230971.5,231456,484.5,231072.75,231170.75,98,230577.25,231073.25,496,230711,230805.75,94.75
230817.75,231298,480.25,230932.5,231027.25,94.75,231671.5,232156,484.5,231781,231879,98,231294,231790,496,231413.25,231509.25,96
231501.25,231998.25,497,231634.75,231730.75,96,232355,232856.25,501.25,232478.5,232575.5,97,231977.5,232490.25,512.75,232113,232208.75,95.75
232201.25,232698.25,497,232337.25,232432,94.75,233055.25,233556.5,501.25,233187,233283.75,96.75,232677.5,233173.75,496.25,232815.25,232911.25,96
232901.5,233398.5,497,233039.75,233135.5,95.75,233772.25,234273.25,501,233881.25,233980.5,99.25,233394.25,233890.75,496.5,233517.75,233613.5,95.75
233601.75,234098.75,497,233742.25,233837,94.75,234472.5,234956.75,484.25,234590.5,234688.5,98,234094.5,234607.5,513,234217.25,234312,94.75
234301.75,234798.75,497,234444.5,234540.5,96,235172.5,235673.75,501.25,235297.75,235396.75,99,234794.5,235307.5,513,234919.5,235015.5,96
235002,235499,497,235146.75,235241.75,95,235872.75,236373.75,501,235995.5,236093.5,98,235494.5,235991.25,496.75,235622,235716.75,94.75
235702.25,236199.25,497,235843.5,235939.5,96,236573,237074,501,236702.5,236801.5,99,236195,236708,513,236321.5,236417.25,95.75
236402.5,236899.25,496.75,236545.75,236640.75,95,237289.75,237790.75,501,237400.25,237498.25,98,236895,237408.25,513.25,237024,237118.75,94.75
237119,237616.25,497.25,237248.25,237344.25,96,237989.75,238474.25,484.5,238096.75,238194.75,98,237595.25,238108.5,513.25,237726.25,237822.25,96
237819.25,238316.5,497.25,237950.75,238046.5,95.75,238673.25,239174.5,501.25,238805,238903,98,238295.5,238808.5,513,238425.75,238521.5,95.75
238519.5,239016.5,497,238647.25,238743.25,96,239373.5,239874.75,501.25,239500.5,239599.5,99,238995.5,239508.75,513.25,239128,239224,96
239219.5,239716.75,497.25,239349.75,239445.5,95.75,240090.25,240591.5,501.25,240208.5,240307.75,99.25,239695.75,240209,513.25,239830.5,239925.5,95
239919.75,240416.75,497,240052,240148,96,240807.25,241291.75,484.5,240918,241016,98,240395.75,240892.5,496.75,240530,240626,96
240620,241117,497,240754.5,240849.25,94.75,241507.25,242008.5,501.25,241614.5,241712.5,98,241096,241609.25,513.25,241232.5,241328.25,95.75
241320,241817.25,497.25,241456.75,241552.75,96,242190.75,242692.25,501.5,242322.75,242420.75,98,241796.25,242309.5,513.25,241934.75,242030.75,96
242020.25,242517.25,497,242159.25,242255.25,96,242891,243392.25,501.25,243032,243129,97,242496.25,243009.75,513.5,242634.5,242730.25,95.75
242720.5,243217.5,497,242861.5,242956.5,95,243607.75,244109.25,501.5,243726.5,243825.5,99,243196.5,243709.75,513.25,243336.75,243432.75,96
243420.5,243934.5,514,243558.25,243653,94.75,244308,244809.5,501.5,244423,244522.25,99.25,243913.25,244426.75,513.5,244036.25,244132.25,96
244120.75,244618,497.25,244260.75,244355.5,94.75,245041.5,245526.25,484.75,245132.5,245230.25,97.75,244613.5,245126.75,513.25,244738.5,244833.5,95
244821,245318,497,244963,245057.75,94.75,245725,246226.5,501.5,245827.75,245927,99.25,245313.75,245810.25,496.5,245441,245537,96
245521.25,246018.25,497,245665.5,245761.25,95.75,246425.25,246926.75,501.5,246537.25,246635.25,98,246013.75,246510.5,496.75,246140.5,246236.5,96
246221.25,246718.5,497.25,246367.75,246463.75,96,247142,247643.5,501.5,247244.25,247343.25,99,246713.75,247227.5,513.75,246843,246938.75,95.75
246921.5,247418.75,497.25,247064.5,247160.5,96,247825.5,248327,501.5,247942,248040,98,247414,247927.5,513.5,247545.25,247641.25,96
247638.5,248135.5,497,247766.75,247862.75,96,248559.25,249060.5,501.25,248650.25,248748.25,98,248114.25,248627.75,513.5,248244.75,248339.75,95
248338.5,248835.5,497,248469.25,248565.25,96,249259.25,249743.75,484.5,249346.75,249444.75,98,248814.5,249311.5,497,248947.25,249042,94.75
249038.75,249535.75,497,249171.75,249267.5,95.75,249942.75,250444,501.25,250042.25,250141.25,99,249514.75,250028.25,513.5,249646.75,249742.5,95.75
249739,250236,497,249874,249970,96,250643.25,251160.75,517.5,250751.5,250849.5,98,250215,250728.5,513.5,250349.25,250445,95.75
250439.25,250936.25,497,250576.5,250671.25,94.75,251343.25,251861,517.75,251458.75,251557.75,99,250915,251428.5,513.5,251051.5,251147.25,95.75
251139.5,251636.25,496.75,251278.75,251375.75,97,252043.5,252561,517.5,252155.25,252254.25,99,251615.25,252112,496.75,251754,251849.75,95.75
251839.75,252336.5,496.75,251981.25,252077.25,96,252760.25,253261.25,501,252853,252951,98,252315.5,252812.25,496.75,252453.5,252549.25,95.75
252539.75,253036.75,497,252677.75,252772.75,95,253460.5,253961.5,501,253561.25,253659.25,98,253015.75,253529.25,513.5,253155.75,253250.75,95
253239.75,253737,497.25,253380.25,253476,95.75,254177.25,254661.75,484.5,254269.25,254367.25,98,253732.5,254229.25,496.75,253855.25,253951.25,96
253940,254437,497,254082.75,254178.5,95.75,254877.5,255361.75,484.25,254966,255064,98,254432.75,254946.25,513.5,254557.75,254653.5,95.75
254640.5,255137.25,496.75,254785,254881,96,255561,256062,501,255661.5,255760.5,99,255149.75,255646.25,496.5,255260,255355,95
255357.25,255854.25,497,255487.25,255583.25,96,256261,256762.25,501.25,256382.5,256480.25,97.75,255833.25,256346.5,513.25,255959.5,256055.5,96
256057.25,256554.25,497,256189.75,256285.75,96,256977.75,257462.5,484.75,257078,257177,99,256533.5,257046.5,513,256662,256758,96
256757.5,257254.5,497,256892.25,256988.25,96,257678,258196,518,257787.25,257885.25,98,257233.75,257730,496.25,257364.25,257460.25,96
257457.75,257954.5,496.75,257588.75,257684.75,96,258395,258896.25,501.25,258483.75,258581.75,98,257934,258430.25,496.25,258064,258159.75,95.75
258158,258654.75,496.75,258291.25,258387,95.75,259095,259579.75,484.75,259180.25,259278.25,98,258634.25,259147,512.75,258766.25,258861,94.75
258858,259355,497,258993.5,259089.5,96,259795.25,260280,484.75,259888.75,259986.5,97.75,259334.25,259847.25,513,259465.75,259561.75,96
259558.25,260055,496.75,259696,259792,96,260478.5,260980.25,501.75,260585.25,260683.25,98,260034.5,260530.75,496.25,260168.25,260264,95.75
260258.5,260755.25,496.75,260398.5,260493.25,94.75,261178.75,261680.25,501.5,261292.25,261391.25,99,260735,261231,496,260867.75,260963.5,95.75
260958.5,261455.5,497,261101,261195.5,94.5,261879,262380.5,501.5,261989.75,262088,98.25,261435.25,261947.75,512.5,261570,261666,96
261659,262155.5,496.5,261797.5,261892.25,94.75,262595.75,263097.25,501.5,262698.25,262796.25,98,262135.25,262631.25,496,262272.5,262368.25,95.75
262359,262855.75,496.75,262499.75,262595.75,96,263296,263797.5,501.5,263406.5,263504.25,97.75,262835.5,263348,512.5,262972,263067.75,95.75
263075.75,263572.5,496.75,263202.25,263298,95.75,264013,264497.5,484.5,264101.75,264201,99.25,263535.5,264048,512.5,263674.5,263770.25,95.75
263759.5,264256,496.5,263904.5,264000.5,96,264696.5,265197.75,501.25,264799.75,264897.5,97.75,264252.5,264765,512.5,264373.75,264469.75,96
264459.5,264956.25,496.75,264607,264703,96,265396.75,265897.75,501,265506.75,265605.75,99,264969,265465,496,265076.25,265172.25,96
265176.75,265673.25,496.5,265303.5,265398.5,95,266113.75,266598,484.25,266216,266314,98,265652.75,266165.25,512.5,265778.75,265874.5,95.75
265876.75,266373.25,496.5,266006,266102,96,266813.75,267314.75,501,266912.5,267010.5,98,266352.75,266848.75,496,266481,266577,96
266577,267073.5,496.5,266708.5,266804.25,95.75,267514,268015,501,267608,267707,99,267052.75,267565.5,512.75,267180.5,267276.5,96
267277,267773.5,496.5,267410.75,267506.75,96,268214.25,268715,500.75,268317.5,268415.25,97.75,267769.75,268282.5,512.75,267883,267978.75,95.75
267977.25,268473.75,496.5,268113.25,268209,95.75,268931,269415.25,484.25,269025.5,269123.5,98,268469.75,268966,496.25,268585.25,268681.25,96
268677.5,269174,496.5,268815.5,268911.5,96,269631.25,270132,500.75,269722,269820.25,98.25,269153.25,269666,512.75,269284.75,269380.75,96
269377.75,269874,496.25,269512.25,269608,95.75,270314.75,270815.75,501,270429.25,270528.25,99,269853.25,270366.25,513,269987.25,270083,95.75
270077.75,270574.25,496.5,270214.5,270310.5,96,271014.75,271515.75,501,271127,271225.75,98.75,270553.25,271049.75,496.5,270689.5,270785.5,96
270778,271274.5,496.5,270917,271011.75,94.75,271715,272216,501,271836.25,271933,96.75,271270,271766.75,496.75,271392,271488,96
271478.25,271974.5,496.25,271619.25,271715.25,96,272431.75,272949.5,517.75,272530.5,272629.75,99.25,271953.5,272466.75,513.25,272091.5,272186.25,94.75
272178.25,272674.75,496.5,272321.75,272417.75,96,273148.75,273633,484.25,273227.25,273326.25,99,272670.5,273183.75,513.25,272794,272889.75,95.75
272878.5,273375,496.5,273024.25,273120,95.75,273832,274333.25,501.25,273936.5,274034.5,98,273370.5,273884,513.5,273496.25,273592.25,96
273578.75,274075.25,496.5,273726.5,273822.5,96,274532.25,275050,517.75,274644.75,274742.75,98,274070.5,274584.25,513.75,274195.75,274291.75,96
274295.5,274792,496.5,274423.25,274519,95.75,275232.5,275733.75,501.25,275341.25,275439.25,98,274771,275284.5,513.5,274898.25,274994,95.75
274995.75,275492.25,496.5,275125.5,275221.5,96,275932.5,276433.75,501.25,276049.5,276147.5,98,275471.25,275968,496.75,275597.75,275693.75,96
275695.75,276192.25,496.5,275828,275922.75,94.75,276666.25,277167.25,501,276756.5,276855.75,99.25,276171.25,276684.75,513.5,276300,276396,96
276396,276892.5,496.5,276530.25,276626.25,96,277349.5,277867.5,518,277454.25,277552.25,98,276888.25,277385,496.75,277002.5,277098.25,95.75
277096.25,277592.75,496.5,277232.75,277328.75,96,278066.5,278567.75,501.25,278161.5,278260.5,99,277572,278085.25,513.25,277702,277798,96
277796.25,278293,496.75,277929.5,278025.25,95.75,278766.5,279251.25,484.75,278859,278957,98,278272,278785.25,513.25,278404.25,278500.25,96
278496.5,278993,496.5,278631.75,278727.75,96,279450,279951.5,501.5,279568.5,279665.25,96.75,278972.25,279468.75,496.5,279104,279199.75,95.75
279196.75,279693.25,496.5,279334.25,279430,95.75,280167,280685,518,280264,280362,98,279672.5,280185.5,513,279806.25,279902,95.75
279897,280393.5,496.5,280036.5,280132.5,96,280867,281368.5,501.5,280972.25,281070,97.75,280372.75,280885.75,513,280508.75,280604.5,95.75
280597.25,281093.5,496.25,281087.25,281183.25,96,281567.25,282085.25,518,282027.5,282126.5,99,281073,281585.75,512.75,281559.5,281655.25,95.75
281397.25,281893.75,496.5,281888.25,281984.25,96,282367.5,282868.75,501.25,282828.5,282927.75,99.25,281873.5,282369.25,495.75,282360.5,282456.25,95.75
282197.5,282694,496.5,282689.5,282785.25,95.75,283184.5,283685.75,501.25,283631,283728.75,97.75,282673.75,283186,512.25,283161.5,283257.5,96
282997.5,283494.25,496.75,283490.5,283585.25,94.75,283984.5,284486,501.5,284433,284529.75,96.75,283490.5,283986.25,495.75,283962.5,284058.5,96
283797.75,284294.25,496.5,284291.5,284387.5,96,284784.75,285286.25,501.5,285244.5,285342.5,98,284290.5,284803.25,512.75,284760.75,284856.75,96
284614.5,285111.25,496.75,285092.5,285189.5,97,285585,286086.5,501.5,286045.5,286143.75,98.25,285090.75,285603.25,512.5,285564.75,285660.75,96
285414.75,285911.5,496.75,285899.5,285995.5,96,286385.25,286886.5,501.25,286845.75,286944.75,99,285890.75,286386.75,496,286366,286461.75,95.75
286215,286711.75,496.75,286700.5,286795.5,95,287185.25,287686.75,501.5,287646.75,287745.75,99,286690.75,287203.75,513,287167,287262.75,95.75
287015.25,287528.5,513.25,287501.75,287596.5,94.75,288002.25,288503.5,501.25,288448.75,288547,98.25,287491,288020.5,529.5,287968,288064,96
287815.5,288312,496.5,288302.75,288398.75,96,288785.75,289303.75,518,289251,289348,97,288307.75,288820.75,513,288769.25,288865,95.75
288615.75,289112.25,496.5,289103.75,289199.75,96,289602.75,290104,501.25,290050,290149,99,289107.75,289621,513.25,289570.25,289665,94.75
289416,289912.5,496.5,289905,290001,96,290403,290904.25,501.25,290852.25,290950,97.75,289907.75,290421.25,513.5,290371.25,290467.25,96
290216,290712.75,496.75,290706,290802,96,291203.25,291721,517.75,291665.75,291762.75,97,290691.5,291188.25,496.75,291172.5,291268.25,95.75
291016.25,291512.75,496.5,291507.25,291603,95.75,292003.25,292504.5,501.25,292465.75,292564,98.25,291491.75,292005.25,513.5,291973.5,292069.25,95.75
291816.5,292313,496.5,292308,292404,96,292820.25,293304.5,484.25,293267,293365,98,292292,292805.5,513.5,292774.5,292870.5,96
292616.75,293113.25,496.5,293109.25,293204,94.75,293603.75,294104.75,501,294068,294166,98,293092.25,293589,496.75,293575.75,293671.5,95.75
293416.75,293913.5,496.75,293910.25,294006.25,96,294404,294905,501,294868,294967.25,99.25,293892.5,294389,496.5,294376.75,294472.75,96
294233.75,294730.25,496.5,294711.5,294808.25,96.75,295204.25,295705.25,501,295670.25,295768.25,98,294692.75,295206,513.25,295177.75,295273.75,96
295033.75,295530.5,496.75,295512.5,295608.5,96,296021,296522,501,296470.25,296569.25,99,295493.25,295989.5,496.25,295979,296074.75,95.75
295834.25,296330.75,496.5,296313.5,296410.5,97,296821.25,297339,517.75,297283,297382,99,296310,296806.25,496.25,296780,296876,96
296634.5,297131,496.5,297114.75,297210.5,95.75,297621.5,298122.5,501,298085.25,298183,97.75,297094,297589.75,495.75,297581,297677,96
297434.5,297931,496.5,297915.75,298011.75,96,298455,298939.25,484.25,298885,298984.25,99.25,297894,298406.5,512.5,298382,298478,96
298234.5,298731.25,496.75,298716.75,298812.75,96,299238.5,299739.5,501,299686.25,299785.25,99,298694.25,299206.75,512.5,299183.25,299279,95.75
299034.75,299531.5,496.75,299523.75,299619.75,96,300038.75,300539.5,500.75,300488.25,300586.25,98,299511,300023.5,512.5,299987.25,300083,95.75
299835,300331.75,496.75,300324.75,300419.75,95,300855.75,301339.75,484,301311.5,301410.75,99.25,300311,300807,496,300785.25,300881.25,96
300635,301132,497,301126,301221.75,95.75,301672.5,302156.75,484.25,302113.75,302211.75,98,301111,301624,513,301586.5,301682.25,95.75
301435.25,301932,496.75,301927,302023,96,302456,302957,501,302925.25,303024.5,99.25,301928,302407.5,479.5,302387.5,302483.5,96
302235.5,302732.25,496.75,302728,302824,96,303256.25,303757,500.75,303727.5,303825.5,98,302711.25,303224.25,513,303188.5,303284.5,96
303035.5,303532.5,497,303529.25,303625,95.75,304090,304590.5,500.5,304540.25,304638.25,98,303527.75,304024.5,496.75,303989.75,304085.5,95.75
303835.75,304332.75,497,304330.25,304425,94.75,304890,305390.75,500.75,305340,305439.25,99.25,304328.25,304824.75,496.5,304793.75,304888.5,94.75
304652.75,305149.5,496.75,305131.25,305227.25,96,305690.25,306191,500.75,306153,306252,99,305111.75,305625,513.25,305594.75,305690.75,96
305453,305949.75,496.75,305932.5,306028.25,95.75,306490.5,306991.25,500.75,306956,307053,97,305928.25,306408.75,480.5,306395.75,306491.75,96
306253,306750,497,306733.5,306829.5,96,307307.25,307808,500.75,307755,307854,99,306712,307225.5,513.5,307194,307290,96
307053.25,307550.25,497,307534.5,307631.5,97,308107.5,308625,517.5,308569,308666.75,97.75,307512.25,308025.75,513.5,307995,308091,96
307870,308350.5,480.5,308335.5,308431.5,96,308924.25,309408.5,484.25,309381.5,309479.5,98,308312.5,308809.25,496.75,308799,308895,96
308653.5,309150.75,497.25,309136.75,309232.75,96,309724.5,310225.25,500.75,310194.25,310292.25,98,309112.5,309609.5,497,309600,309696,96
309454,309950.75,496.75,309943.75,310039.5,95.75,310524.75,311009,484.25,310995.25,311093.25,98,309913,310409.75,496.75,310401.25,310497.25,96
310254,310767.75,513.75,310739,310834.75,95.75,311325,311842.5,517.5,311808,311906,98,310713.25,311226.5,513.25,311202.25,311298.25,96
311070.75,311567.75,497,311540,311635.75,95.75,312142,312642.75,500.75,312597.5,312695.5,98,311513.5,312026.75,513.25,312003.5,312099.25,95.75
311871,312368,497,312341,312437,96,312942,313443,501,313410,313508.25,98.25,312330.5,312827,496.5,312804.5,312899.5,95
312671.25,313151.5,480.25,313148,313244,96,313759,314259.75,500.75,314221.75,314320.75,99,313130.75,313643.75,513,313605.5,313701.5,96
313455,313951.75,496.75,313949,314043.75,94.75,314542.5,315043.25,500.75,315022.75,315122,99.25,313947.75,314444,496.25,314406.75,314502.5,95.75
314255,314752,497,314750,314846,96,315342.75,315843.25,500.5,315835.5,315934.75,99.25,314731.25,315244.25,513,315210.75,315306.5,95.75
315055.25,315569,513.75,315551.25,315647.25,96,316176.25,316677,500.75,316636.75,316735.75,99,315531.75,316027.75,496,316011.75,316107.75,96
315872,316369.25,497.25,316352.25,316448.25,96,316959.75,317460.5,500.75,317450.25,317548.5,98.25,316331.75,316844.5,512.75,316812.75,316908.75,96
316672.25,317169.25,497,317153.25,317249.25,96,317793.25,318294,500.75,318250.25,318349.5,99.25,317132,317644.5,512.5,317613.75,317709.75,96
317472.5,317969.5,497,317954.5,318050.5,96,318593.5,319094.25,500.75,319064.25,319162.25,98,317932.25,318428.25,496,318415,318510.75,95.75
318272.5,318769.5,497,318761.25,318857.25,96,319393.75,319894.5,500.75,319864.25,319963.25,99,318749.25,319245,495.75,319216,319312,96
319072.75,319569.75,497,319562.5,319659.25,96.75,320227.25,320728,500.75,320678,320776,98,319532.5,320045.25,512.75,320020,320116,96
319873,320370,497,320363.5,320458.25,94.75,321027.5,321528.25,500.75,321478,321577,99,320332.5,320828.5,496,320821,320916,95
320673.25,321170.25,497,321164.5,321261.5,97,321844.25,322345,500.75,322279,322378.25,99.25,321132.75,321628.75,496,321622.25,321718.25,96
321473.25,321970.5,497.25,321965.5,322061.5,96,322644.5,323145.25,500.75,323092.75,323190.75,98,321949.5,322445.75,496.25,322423.25,322519.25,96
322273.5,322770.5,497,322766.75,322863.5,96.75,323444.75,323928.75,484,323906.5,324003.5,97,322749.5,323262.5,513,323224.25,323320.25,96
323073.5,323570.75,497.25,323567.75,323663.75,96,324261.5,324745.75,484.25,324694,324793,99,323549.5,324062.75,513.25,324022.5,324118.5,96
323873.75,324370.75,497,324369,324464.75,95.75,325045,325546,501,325507.5,325605.75,98.25,324349.75,324863,513.25,324826.5,324922.5,96
324690.75,325187.75,497,325170,325266,96,325845.25,326346,500.75,326297.25,326395.25,98,325150,325663.25,513.25,325627.5,325723.5,96
325490.75,326004.5,513.75,325971,326067,96,326662,327146.25,484.25,327120.5,327219.5,99,325950,326446.75,496.75,326428.75,326524.5,95.75
326291,326788,497,326772.25,326868,95.75,327462.25,327963.25,501,327922.5,328020.5,98,326750.25,327264,513.75,327232.75,327328.5,95.75
327091.25,327588.25,497,327573.25,327669.25,96,328279,328780.25,501.25,328722.5,328821.5,99,327550.25,328064,513.75,328033.75,328129.75,96
327891.5,328388.5,497,328374.25,328470.25,96,329079.25,329580.25,501,329536.25,329634.25,98,328350.75,328847.5,496.75,328834.75,328929.75,95
328691.75,329188.75,497,329181.25,329276,94.75,329879.5,330397.25,517.75,330336.5,330435.5,99,329151,329664.5,513.5,329636,329731.75,95.75
329492,329988.75,496.75,329982.25,330078.25,96,330679.75,331180.75,501,331150.25,331248,97.75,329951,330464.75,513.75,330437,330533,96
330292.25,330789,496.75,330777.5,330873.5,96,331479.75,331981,501.25,331938.5,332037.5,99,330751.5,331248.25,496.75,331238.25,331334,95.75
331092.25,331589.25,497,331578.75,331674.5,95.75,332296.75,332797.75,501,332752.25,332850.25,98,331551.75,332048.25,496.5,332039.25,332135,95.75
331892.5,332389.5,497,332379.75,332475.75,96,333097,333598.25,501.25,333552.25,333651.25,99,332352,332865.25,513.25,332840.25,332936.25,96
332692.75,333189.75,497,333180.75,333276.75,96,333913.75,334398.25,484.5,334366,334464,98,333152.25,333665.25,513,333641.5,333737.25,95.75
333509.5,333989.75,480.25,333982,334077.75,95.75,334714,335198.25,484.25,335168.25,335265,96.75,333952.5,334465.5,513,334442.5,334538.25,95.75
334293,334790,497,334783,334879,96,335514.5,336015,500.5,335968.25,336066.25,98,334786.25,335282.5,496.25,335243.5,335339.5,96
335093.25,335590.25,497,335584,335680,96,336331.25,336831.75,500.5,336769.25,336867.25,98,335586.25,336082.5,496.25,336047.5,336143.5,96
335893.25,336390.5,497.25,336391,336486.75,95.75,337131.75,337631.75,500,337569.5,337668.25,98.75,336370,336882.75,512.75,336848.5,336944.5,96
336693.5,337190.75,497.25,337186.25,337282,95.75,337915.5,338415.25,499.75,338370.25,338469.5,99.25,337170.25,337683,512.75,337649.75,337745.5,95.75
337510.5,338007.5,497,337987.25,338082.25,95,338716,339215.25,499.25,339171.5,339270.5,99,337987.25,338483,495.75,338450.75,338546.5,95.75
338310.75,338807.75,497,338788.25,338884.25,96,339516.25,340015.25,499,339984.25,340083.25,99,338787.25,339300,512.75,339252,339347.75,95.75
339111,339608,497,339595.25,339691.25,96,340350.25,340832,481.75,340797.75,340896,98.25,339587.5,340100,512.5,340053,340148.75,95.75
339911.25,340408.25,497,340396.25,340491.25,95,341150.5,341649,498.5,341586.25,341685.25,99,340387.5,340883.5,496,340854,340949.75,95.75
340711.25,341208.5,497.25,341197.5,341293.25,95.75,341950.5,342449.25,498.75,342399,342498,99,341187.75,341683.75,496,341655,341751,96
341511.5,342008.75,497.25,341998.5,342094.5,96,342750.5,343249.5,499,343201.25,343299.25,98,341987.75,342500.5,512.75,342456.25,342552,95.75
342311.5,342808.75,497.25,342799.75,342895.5,95.75,343550.75,344066.5,515.75,344013.75,344111.75,98,342788,343300.75,512.75,343260.25,343356,95.75
343128.75,343609,480.25,343600.75,343696.5,95.75,344351,344850,499,344813.75,344913,99.25,343588,344101,513,344061.25,344157.25,96
343912.25,344409.25,497,344401.75,344497.75,96,345167.75,345650.25,482.5,345616,345714,98,344404.75,344884.5,479.75,344862.25,344958.25,96
344712.5,345209.5,497,345203,345298.75,95.75,345968,346450.5,482.5,346418.25,346517.25,99,345188.25,345701.5,513.25,345660.5,345756.5,96
345512.75,346009.75,497,346009.75,346105.5,95.75,346768,347267.25,499.25,347230,347327.75,97.75,345988.25,346485,496.75,346464.5,346559.25,94.75
346329.5,346826.5,497,346810.75,346906.75,96,347585,348084.25,499.25,348042.5,348140.5,98,346788.5,347302,513.5,347265.5,347361.5,96
347129.75,347626.75,497,347612,347707.75,95.75,348385,348884.25,499.25,348842.5,348941.5,99,347588.75,348085.5,496.75,348066.5,348162.5,96
347930,348427,497,348413,348509,96,349202,349684.5,482.5,349656.25,349754.25,98,348405.5,348885.75,480.25,348866.75,348963.5,96.75
348730,349227,497,349214,349310,96,350002.25,350484.75,482.5,350457.25,350555.25,98,349205.75,349702.5,496.75,349671.75,349767.5,95.75
349530.25,350027.25,497,350015.25,350111,95.75,350819.25,351318.25,499,351257.25,351356.5,99.25,349989.25,350486.25,497,350472.75,350568.5,95.75
350330.5,350827.5,497,350816.25,350913,96.75,351602.75,352101.75,499,352070,352169.25,99.25,350789.5,351286.25,496.75,351273.75,351369.75,96
351130.75,351627.75,497,351617.25,351713.25,96,352403,352902,499,352872.25,352970.25,98,351589.75,352103.25,513.5,352075,352170.75,95.75
351931,352428,497,352418.5,352514.25,95.75,353203,353702.25,499.25,353660.5,353759.5,99,352390,352903.5,513.5,352876,352972,96
352731,353228,497,353219.5,353315.5,96,354020,354502.5,482.5,354474.25,354572.25,98,353190.25,353687,496.75,353680,353776,96
353531.25,354045,513.75,354020.5,354116.5,96,354820,355302.5,482.5,355276.5,355373.5,97,354007,354504,497,354481,354577,96
354331.5,354828.5,497,354821.75,354917.5,95.75,355620.25,356136.25,516,356089.25,356186.25,97,354807.25,355320.75,513.5,355282.25,355378,95.75
355131.75,355628.75,497,355622.75,355719.5,96.75,356420.5,356919.75,499.25,356889.25,356987.25,98,355607.5,356121,513.5,356083.25,356179,95.75
355932,356428.75,496.75,356423.75,356519.75,96,357237.5,357736.5,499,357690.25,357788.25,98,356407.75,356921.25,513.5,356884.5,356979.25,94.75
356748.75,357245.75,497,357230.75,357325.5,94.75,358054.25,358536.75,482.5,358491.25,358589.25,98,357208,357721.25,513.25,357685.5,357781.25,95.75
357549,358046,497,358031.75,358126.5,94.75,358837.75,359353.75,516,359304,359402,98,358008.25,358521.5,513.25,358486.5,358582.5,96
358349,358862.75,513.75,358832.75,358928.75,96,359654.75,360170.5,515.75,360115.75,360214.75,99,358808.5,359321.75,513.25,359290.5,359386.5,96
359166,359663,497,359634,359730,96,360454.75,360954.25,499.5,360916.75,361015.75,99,359608.5,360121.75,513.25,360091.5,360187.5,96
359966.25,360463.25,497,360435,360531,96,361271.75,361770.75,499,361717.75,361817,99.25,360409.25,360922,512.75,360895.5,360991.5,96
