1623.25,2134.5,511.25,2185.75,2292,106.25,654,1131.75,477.75,1155,1253.75,98.75,1430.25,1941,510.75,1911.75,2024.5,112.75
2537.5,3065.25,527.75,3087.5,3191,103.5,1535,2046,511,2065,2163.75,98.75,2394.25,2905.25,511,2858.25,2952.5,94.25
3451.75,3962.75,511,3988.25,4091,102.75,2432.5,2959.75,527.25,2955,3053.75,98.75,3242,3736.25,494.25,3697.75,3792,94.25
4366,4877,511,4907.5,5011,103.5,3330.25,3841,510.75,3835,3933.75,98.75,4089.75,4600.5,510.75,4551.5,4645.75,94.25
5296.75,5808,511.25,5828.25,5932,103.75,4211.25,4722.25,511,4715,4813.75,98.75,4937.5,5448.5,511,5409.5,5503.75,94.25
6211,6722.25,511.25,6748.25,6852,103.75,5092,5603.25,511.25,5585,5683.75,98.75,5801.75,6296.25,494.5,6258.25,6352.25,94
7125.25,7636.5,511.25,7667.5,7772,104.5,5973,6467.5,494.5,6475,6573.75,98.75,6632.75,7144,511.25,7095.25,7189.5,94.25
8056.25,8567.25,511,8588.25,8691,102.75,6837.5,7348,510.5,7345,7443.75,98.75,7481,7991.75,510.75,7948.5,8042.75,94.25
8970.5,9481.5,511,9507.5,9612,104.5,7735,8246.25,511.25,8235,8333.75,98.75,8312.25,8822.75,510.5,8778,8872,94
9901.25,10395.75,494.5,10428.25,10532,103.75,8599.5,9127.25,527.75,9115,9213.75,98.75,9259.25,9786.75,527.5,9739.25,9833.5,94.25
10815.5,11326,510.5,11348.25,11452,103.75,9480.5,9991.5,511,9985,10083.75,98.75,10223.25,10734.25,511,10697.5,10791.75,94.25
11729.75,12224.25,494.5,12267.5,12372,104.5,10361.5,10872.5,511,10875,10974.5,99.5,11088,11598.75,510.75,11551.75,11645.75,94
12644,13155,511,13188.25,13291,102.75,11259,11770,511,11755,11853.75,98.75,11952,12463,511,12418,12512.25,94.25
13558.25,14086,527.75,14107.5,14212.25,104.75,12123.5,12617.75,494.25,12615,12713.75,98.75,12899.5,13410.5,511,13363.25,13457.5,94.25
14489,15000.25,511.25,15028.25,15132,103.75,12987.75,13498.75,511,13505,13603.75,98.75,13763.75,14257.75,494,14217,14311,94
15403.25,15897.75,494.5,15928.25,16032,103.75,13868.75,14379.75,511,14385,14483.75,98.75,14611.5,15122.75,511.25,15076.25,15170.5,94.25
16300.75,16812,511.25,16848.25,16952.25,104,14766.25,15277.5,511.25,15285,15383.75,98.75,15442.75,15953.75,511,15907.75,16002,94.25
17215,17726.25,511.25,17767.5,17872,104.5,15664,16175,511,16175,16273.75,98.75,16290.5,16801.5,511,16747.5,16841.75,94.25
18146,18656.75,510.75,18688.25,18792,103.75,16544.75,17056,511.25,17055,17153.75,98.75,17238,17749,511,17700.75,17795,94.25
19044,19588,544,19607.75,19712.25,104.5,17442.5,17953.75,511.25,17955,18053.75,98.75,18185.5,18679.75,494.25,18637.25,18731.25,94
19991,20485,494,20527.75,20632,104.25,18340,18851.25,511.25,18835,18933.75,98.75,19016.5,19527.5,511,19478.25,19572.5,94.25
20905.25,21416.25,511,21448.5,21552,103.5,19204.5,19715.5,511,19715,19814.5,99.5,19864.5,20375.25,510.75,20329.25,20422.75,93.5
21836.25,22347.25,511,22368.25,22472,103.75,20085.5,20596,510.5,20595,20693.75,98.75,20712,21223,511,21177.75,21272,94.25
22750.25,23261.5,511.25,23288.25,23388.5,100.25,20983,21477.5,494.5,21485,21583.75,98.75,21559.75,22087.5,527.75,22037.5,22131.75,94.25
23664.5,24175.75,511.25,24207.75,24312.25,104.5,21847.5,22358.5,511,22355,22453.75,98.75,22407.5,22934.75,527.25,22876.5,22970.5,94
24595.5,25106.5,511,25128.25,25228.5,100.25,22745,23239.5,494.5,23235,23333.75,98.75,23255.25,23766.25,511,23718,23812.25,94.25
25509.75,26020.75,511,26048.5,26152.25,103.75,23609.5,24120.5,511,24125,24223.75,98.75,24086.25,24597.5,511.25,24552,24646,94
26424.25,26935,510.75,26968.25,27072.25,104,24507,25018.25,511.25,25025.25,25124,98.75,25033.75,25544.75,511,25487.75,25581.75,94
27354.75,27865.25,510.5,27888.5,27992.25,103.75,25388,25898.75,510.75,25885.25,25984,98.75,25865,26376,511,26335.25,26428.75,93.5
28269,28780,511,28807.5,28912.25,104.75,26252.25,26763.5,511.25,26765,26864.75,99.75,26729.25,27240.25,511,27191.25,27285.5,94.25
29199.75,29694.25,494.5,29728.5,29832.25,103.75,27150,27661,511,27645,27744,99,27577,28088,511,28042.25,28136.5,94.25
30097.5,30608.5,511,30648.5,30752.25,103.75,27997.75,28508.75,511,28515.25,28614,98.75,28424.75,28935.75,511,28896,28990.25,94.25
31028.25,31539.25,511,31568.5,31672.25,103.75,28895.25,29406.5,511.25,29405,29504,99,29289,29816.75,527.75,29760.75,29854.75,94
31959,32453.25,494.25,32488.5,32592.25,103.75,29776.25,30287.5,511.25,30285.25,30384,98.75,30136.75,30648,511.25,30607.75,30701.75,94
32856.75,33384.5,527.75,33407.75,33512.25,104.5,30657.75,31168.5,510.75,31165.25,31264,98.75,31101,31595.5,494.5,31561,31655.25,94.25
33787.5,34298.75,511.25,34328.5,34432.25,103.75,31538.25,32049.5,511.25,32045.25,32144,98.75,32048.75,32559.5,510.75,32519.75,32613,93.25
34685.25,35196.25,511,35228.5,35331.25,102.75,32419.25,32930.5,511.25,32915,33014,99,32896.25,33423.75,527.5,33375.25,33468.75,93.5
35616,36127.25,511.25,36147.5,36252.25,104.75,33284,33794.75,510.75,33785.25,33884,98.75,33760.5,34288.25,527.75,34231.25,34325.5,94.25
36513.75,37041.5,527.75,37067.75,37172.25,104.5,34164.5,34675.75,511.25,34665,34764,99,34708,35218.5,510.5,35174.25,35267.75,93.5
37427.75,37955.5,527.75,37988.5,38091.25,102.75,35029,35540,511,35535.25,35634,98.75,35539,36049.75,510.75,35999.25,36093.5,94.25
38358.75,38886.5,527.75,38908.5,39012.25,103.75,35893.25,36387.75,494.5,36385.25,36484,98.75,36370.25,36898,527.75,36852.75,36947,94.25
39289.5,39800.75,511.25,39828.5,39932.25,103.75,36757.75,37268.75,511,37255.25,37354,98.75,37234.5,37745.75,511.25,37708.5,37802,93.5
40203.75,40715,511.25,40748.5,40852.25,103.75,37622,38149.75,527.75,38125.25,38224,98.75,38082.25,38610,527.75,38563.75,38658,94.25
41135.25,41645.75,510.5,41667.75,41772.25,104.5,38503,38997.5,494.5,38995.25,39094,98.75,38963.25,39474.5,511.25,39423.75,39518,94.25
42049.25,42560,510.75,42588.5,42691.25,102.75,39367.5,39878.5,511,39875.25,39974,98.75,39811,40322.25,511.25,40274.75,40368.75,94
42963.5,43474.25,510.75,43507.75,43612.25,104.5,40248.25,40758.75,510.5,40755.25,40854,98.75,40658.75,41169.25,510.5,41135.5,41229.75,94.25
43894,44405,511,44428.5,44532.25,103.75,41129.25,41657.25,528,41655.25,41754,98.75,41506.5,42017.5,511,41972.5,42066.75,94.25
44808.25,45319.25,511,45347.75,45452.25,104.5,42043.5,42554.25,510.75,42545.25,42644,98.75,42354.25,42865.25,511,42816,42910.25,94.25
45722.5,46233.5,511,46267.75,46371.25,103.5,42924.5,43435.75,511.25,43435.25,43534,98.75,43219,43713,494,43672.5,43766.75,94.25
46636.75,47164.25,527.5,47188.5,47292.5,104,43822.25,44333.25,511,44325.25,44424,98.75,44066.5,44560.75,494.25,44526,44620.25,94.25
47567.5,48078.25,510.75,48108.5,48212.25,103.75,44703.25,45214.25,511,45205.25,45304,98.75,44914.25,45425.25,511,45376.25,45470.5,94.25
48481.75,48992.25,510.5,49028.5,49132.25,103.75,45584.25,46094.75,510.5,46095.25,46194,98.75,45762,46273,511,46228.25,46322.5,94.25
49396,49923.75,527.75,49948.5,50052.5,104,46481.75,46993,511.25,46995.25,47094,98.75,46609.75,47120.5,510.75,47075,47169.25,94.25
50310.25,50821.25,511,50848.5,50952.5,104,47362.75,47874,511.25,47875.25,47974,98.75,47457.5,47968.5,511,47929.25,48023.5,94.25
51224.5,51735.5,511,51768.5,51872.25,103.75,48260.25,48771.5,511.25,48755.25,48854,98.75,48321.75,48832.75,511,48786.25,48880.5,94.25
52155.25,52666.5,511.25,52688.5,52792.5,104,49124.75,49635.25,510.5,49635.25,49734,98.75,49170,49664,494,49622.25,49716.25,94
53069.5,53580.5,511,53608,53712.5,104.5,50005.75,50516.75,511,50495.25,50594,98.75,50017.25,50528.25,511,50482.75,50577,94.25
53983.75,54494.5,510.75,54528.5,54632.5,104,50853.75,51381.25,527.5,51365.25,51464,98.75,50848.25,51376,527.75,51331.25,51425.5,94.25
54914.5,55425.75,511.25,55448.75,55552.5,103.75,51717.75,52229,511.25,52235.25,52334,98.75,51712.75,52240.25,527.5,52193,52287.25,94.25
55828.75,56356.5,527.75,56368,56472.5,104.5,52599.25,53110,510.75,53105.25,53204.75,99.5,52577,53088.25,511.25,53030.25,53124.5,94.25
56759.75,57270.75,511,57288.5,57392.5,104,53479.75,53991,511.25,53995.5,54094,98.5,53524.5,54035.5,511,53990,54084.25,94.25
57657.25,58185,527.75,58208.5,58312.5,104,54377.25,54888.5,511.25,54885.25,54984,98.75,54472,54983,511,54944.25,55038.25,94
58588.25,59099.25,511,59108.5,59212.5,104,55241.75,55752.25,510.5,55755.25,55854,98.75,55336.25,55847.5,511.25,55801.75,55895.75,94
59485.75,59996.5,510.75,60028.75,60131.5,102.75,56122.75,56650.5,527.75,56635.25,56734,98.75,56283.75,56811.5,527.75,56751.5,56845.75,94.25
60416.5,60927.75,511.25,60948,61052.5,104.5,56987,57498.25,511.25,57495.25,57595,99.75,57131.5,57642.75,511.25,57597,57691.25,94.25
61330.75,61842,511.25,61868.75,61972.5,103.75,57868.5,58362.5,494,58375.5,58474,98.5,57979.25,58489.75,510.5,58451.5,58545.75,94.25
62245,62756.25,511.25,62788.75,62892.5,103.75,58749,59260.25,511.25,59245.25,59344,98.75,58843.75,59354.75,511,59308.25,59402.5,94.25
63176,63687,511,63708,63812.5,104.5,59630,60141.25,511.25,60125.25,60224.25,99,59691.5,60202,510.5,60158.75,60252.75,94
64090.25,64601.25,511,64628.75,64732.5,103.75,60477.75,60988.75,511,60965.5,61064.25,98.75,60539.25,61033.25,494,60994,61088.75,94.75
65004.5,65515.5,511,65548,65652.5,104.5,61342,61852.75,510.75,61845.25,61944.25,99,61370.25,61881.25,511,61831.75,61926.5,94.75
65918.75,66446.25,527.5,66468.75,66571.5,102.75,62322.75,62834,511.25,62825.25,62924.25,99,62201.5,62712.5,511,62666.5,62760.5,94
66849.5,67360.5,511,67388.75,67492.5,103.75,63303.75,63798.25,494.5,63785.5,63884.25,98.75,63049.25,63560.25,511,63517.5,63611.75,94.25
67763.75,68274.75,511,68308.75,68412.5,103.75,64151.25,64679,527.75,64665.5,64764.25,98.75,63880.25,64391.25,511,64347.5,64441.75,94.25
68678,69205.75,527.75,69228.75,69332.5,103.75,65032.25,65659.75,627.5,65645.5,65744.25,98.75,64728,65239,511,65193.75,65288,94.25
69608.75,70120,511.25,70148.75,70252.5,103.75,66013,66540.75,527.75,66535.5,66634.25,98.75,65576,66103.5,527.5,66056.25,66150.5,94.25
70523,71050.75,527.75,71068.75,71172.5,103.75,67010.25,67538.25,528,67525.5,67624.25,98.75,66440,66951.25,511.25,66914.25,67018.25,104
71453.75,71965,511.25,71988.75,72092.5,103.75,68041,68534.75,493.75,68525.5,68624.25,98.75,67304.5,67815.5,511,67768.25,67862.5,94.25
72368,72879.25,511.25,72908.75,73012.5,103.75,68905.25,69416.5,511.25,69415.5,69514.25,98.75,68152.25,68663.25,511,68625.25,68719.5,94.25
73282.5,73793.5,511,73828,73932.5,104.5,69803,70314,511,70285.5,70384.25,98.75,69000,69527.25,527.25,69478.75,69573,94.25
74196.5,74707.75,511.25,74728,74832.5,104.5,70650.5,71178.5,528,71165.5,71264.25,98.75,69881,70392,511,70353.25,70447.5,94.25
75110.75,75622,511.25,75648.75,75752.5,103.75,71681.25,72209,527.75,72185.5,72284.25,98.75,70728.75,71239.5,510.75,71191.75,71295.25,103.5
76042.25,76552.75,510.5,76588,76692.5,104.5,72562.5,73090,527.5,73095.5,73194.25,98.75,71576.5,72087.5,511,72051,72155.25,104.25
76956.25,77483,526.75,77508.75,77612.5,103.75,73459.75,74070.75,611,74055.5,74154.25,98.75,72424.25,72935.25,511,72890.5,72994,103.5
77886.75,78397.75,511,78428,78532.5,104.5,74424,74951.75,527.75,74945.5,75044.25,98.75,73272,73766.25,494.25,73722.75,73827,104.25
78817.5,79328.75,511.25,79348.75,79452.5,103.75,75471.5,75982.25,510.75,75975.5,76074.25,98.75,74103,74630.75,527.75,74590.75,74685,94.25
79731.75,80243,511.25,80268.75,80372.5,103.75,76352,76863.25,511.25,76865.5,76964.25,98.75,74984,75495,511,75445,75549.25,104.25
80646,81157,511,81188.75,81292.5,103.75,77249.75,77761,511.25,77765.5,77864.25,98.75,75848.25,76342.75,494.5,76296,76390.25,94.25
81577,82088,511,82108,82212.5,104.5,78147.25,78691.75,544.5,78665.5,78764.25,98.75,76779.25,77273.75,494.5,77223,77327.25,104.25
82474.5,82985.5,511,83008.75,83112.75,104,79045,79556,511,79555.5,79654.25,98.75,77693.5,78221.25,527.75,78174.75,78269,94.25
83388.75,83883.25,494.5,83908.75,84012.5,103.75,80042.25,80553,510.75,80545.5,80644.25,98.75,78557.75,79069,511.25,79023.75,79128,104.25
84286.25,84797.5,511.25,84828.75,84932.75,104,80906.5,81417.75,511.25,81415.5,81514.25,98.75,79405.5,79916.5,511,79871.5,79965.75,94.25
85217.25,85728.25,511,85748.25,85851.75,103.5,81787.5,82298.75,511.25,82295.5,82394.25,98.75,80253.75,80764.25,510.5,80702,80796.25,94.25
86132,86642.5,510.5,86689,86792.75,103.75,82668.5,83179.25,510.75,83185.5,83284.25,98.75,81184.25,81695.25,511,81647.5,81751,103.5
87062.25,87590,527.75,87608.75,87711.75,103,83549.5,84060.75,511.25,84065.5,84164.25,98.75,82048.5,82543,494.5,82505.5,82609.5,104
87993,88504.25,511.25,88528.25,88632.75,104.5,84447.25,84941.75,494.5,84935.5,85034.25,98.75,82880,83407.25,527.25,83359.5,83453.75,94.25
88907.25,89418.25,511,89449,89552.5,103.5,85311.5,85839.5,528,85835.5,85934.25,98.75,83744,84255,511,84203.5,84297.5,94
89821.5,90332.25,510.75,90369,90471.75,102.75,86225.75,86737,511.25,86715.5,86814.25,98.75,84575,85086.25,511.25,85047,85140.5,93.5
90735.75,91263.5,527.75,91288.25,91392.75,104.5,87090.25,87601.25,511,87585.75,87684.25,98.5,85439.5,85950.25,510.75,85901.5,85995.75,94.25
91666.75,92177.75,511,92209,92312.75,103.75,87971.25,88482.25,511,88485.5,88584.25,98.75,86287.25,86798.25,511,86761.25,86865.5,104.25
92597.5,93108.75,511.25,93129,93232.75,103.75,88868.75,89379.25,510.5,89365.5,89464.25,98.75,87251.25,87762.25,511,87710.5,87814.5,104
750.5,1244.75,494.25,747.75,849.5,101.75,678,1189,511,666.25,766.5,100.25,3874.5,4368.75,494.25,3854.75,3958.5,103.75
1465.25,1959.5,494.25,1457.75,1558,100.25,1409.25,1903.75,494.5,1386.25,1489,102.75,4589.25,5083,493.75,4563.5,4667.75,104.25
2180,2674.25,494.25,2159.25,2259.25,100,2124,2618,494,2105.75,2209,103.25,5287.25,5781.75,494.5,5262.75,5366.5,103.75
2878,3372.5,494.5,2857.25,2961.75,104.5,2838.75,3333.25,494.5,2826.25,2930,103.75,6002.25,6496.5,494.25,5974.75,6078.5,103.75
3576.25,4070.75,494.5,3559.25,3659.25,100,3554,4048,494,3546.25,3650.25,104,6700.25,7194.75,494.5,6673.5,6776.25,102.75
4274.25,4768.75,494.5,4268.5,4372.25,103.75,4285,4779.25,494.25,4266.25,4369,102.75,7398.25,7892.75,494.5,7364.25,7468,103.75
4989,5483.5,494.5,4969.25,5072.75,103.5,4983,5477.5,494.5,4957,5060.75,103.75,8096.5,8591,494.5,8073.5,8177.25,103.75
5687.75,6181.75,494,5668.5,5768.75,100.25,5697.75,6192.25,494.5,5677,5780.75,103.75,8794.5,9289,494.5,8774.75,8878.75,104
6385.25,6879.75,494.5,6369.25,6473.75,104.5,6412.5,6907,494.5,6396.25,6500.75,104.5,9492.75,9987.25,494.5,9462.75,9566.5,103.75
7100.25,7594.5,494.25,7079.25,7183,103.75,7127.25,7621.75,494.5,7117,7220.75,103.75,10190.75,10684.75,494,10164.25,10267,102.75
7798.25,8292,493.75,7778,7880.75,102.75,7858.75,8353.25,494.5,7836.25,7940.75,104.5,10889,11383.5,494.5,10862.75,10966.5,103.75
8496.5,8990.75,494.25,8478.5,8583,104.5,8573.5,9068,494.5,8557,8660.75,103.75,11603.75,12098.25,494.5,11582.25,11686.5,104.25
9194.5,9689,494.5,9178,9280.75,102.75,9288.25,9782.75,494.5,9277,9380.75,103.75,12301.75,12796.5,494.75,12273.5,12376.25,102.75
9909.25,10403.75,494.5,9879.25,9983,103.75,10003,10497.5,494.5,9996.25,10100.75,104.5,13000,13494.5,494.5,12974,13078.75,104.75
10607.5,11101.5,494,10588,10692.5,104.5,10734.5,11228.75,494.25,10717,10819.75,102.75,13698.25,14192.75,494.5,13673.5,13777.25,103.75
11305.5,11800,494.5,11289.25,11393.75,104.5,11449.25,11943.5,494.25,11437,11540.75,103.75,14396.25,14890.5,494.25,14353.5,14456.25,102.75
12003.75,12498.25,494.5,11988,12092.25,104.25,12164,12658.25,494.25,12157,12260.75,103.75,15094.5,15589,494.5,15073.5,15174.5,101
12718.5,13213,494.5,12698,12801.75,103.75,12895.25,13389.75,494.5,12877,12980.75,103.75,15792.5,16287,494.5,15764.25,15868,103.75
13416.5,13910.75,494.25,13399.25,13499.5,100.25,13593.5,14088,494.5,13586.5,13690.25,103.75,16490.75,16985.25,494.5,16462.75,16566.75,104
14114.75,14609.25,494.5,14098,14201.75,103.75,14324.75,14819.25,494.5,14306.5,14410.25,103.75,17188.75,17683.25,494.5,17163.5,17268,104.5
14813,15307.25,494.25,14799.25,14903,103.75,15039.5,15534,494.5,15004.5,15108.75,104.25,17903.5,18398.25,494.75,17883.5,17988,104.5
15527.75,16022,494.25,15498,15601.75,103.75,15737.75,16232.25,494.5,15725,15828,103,18601.75,19079.75,478,18574.25,18678.75,104.5
16225.75,16720.25,494.5,16209.25,16312.75,103.5,16469.25,16963.5,494.25,16444.5,16549,104.5,19299.75,19794.5,494.75,19273.5,19377.25,103.75
16924,17418.5,494.5,16908.5,17012.25,103.75,17184.25,17678.25,494,17164.25,17268.75,104.5,19998,20492.5,494.5,19974.25,20078.75,104.5
17622,18116.25,494.25,17610,17712.75,102.75,17898.75,18393,494.25,17885,17989,104,20696.5,21190.75,494.25,20673.5,20777.5,104
18336.75,18831.25,494.5,18308.75,18412.25,103.5,18630,19124.5,494.5,18604.5,18709,104.5,21394.25,21888.75,494.5,21374.25,21478.75,104.5
19035.25,19529.5,494.25,19010,19113.75,103.75,19344.75,19839.25,494.5,19325,19428.75,103.75,22092.5,22587,494.5,22062.25,22166.5,104.25
19733,20227.5,494.5,19719.25,19823.25,104,20059.5,20554,494.5,20036.5,20141,104.5,22790.5,23285,494.5,22764.25,22868,103.75
20431.25,20925.75,494.5,20418,20520.75,102.75,20774.25,21268.75,494.5,20746.5,20850.25,103.75,23488.75,23983.25,494.5,23463,23566.75,103.75
21146,21640,494,21119.25,21222.25,103,21489,21983.5,494.5,21466.5,21569.25,102.75,24203.5,24698,494.5,24182.25,24286.75,104.5
21844.25,22338.5,494.25,21818,21920.75,102.75,22203.75,22698.25,494.5,22185.75,22290.25,104.5,24901.5,25396.25,494.75,24872.75,24977.25,104.5
22542.25,23036.75,494.5,22529.25,22633.75,104.5,22918.75,23412.75,494,22906.5,23010.25,103.75,25599.75,26094.25,494.5,25575,25678.75,103.75
23240.5,23735,494.5,23228.75,23332.5,103.75,23650,24143.75,493.75,23626,23730.25,104.25,26297.75,26792,494.25,26272.75,26377.25,104.5
23955.25,24449.75,494.5,23929.25,24033.75,104.5,24364.75,24859.25,494.5,24345.75,24450.25,104.5,26996,27490.5,494.5,26975,27078.75,103.75
24653.25,25147.75,494.5,24628.75,24732.5,103.75,25079.75,25574,494.25,25055.75,25159.5,103.75,27694.25,28188.75,494.5,27673.75,27776.5,102.75
25351.5,25845.5,494,25330,25433.75,103.75,25794.25,26288.75,494.5,25775.25,25878.5,103.25,28392.75,28886.75,494,28364.25,28468,103.75
26049.5,26544,494.5,26038.75,26143.25,104.5,26509,27003.5,494.5,26495.75,26599.5,103.75,29090.5,29585,494.5,29063,29166.75,103.75
26764.75,27258.75,494,26738,26841.75,103.75,27240.25,27734.75,494.5,27215.25,27319.5,104.25,29788.5,30283.25,494.75,29763.5,29868,104.5
27462.5,27957,494.5,27439.5,27543.25,103.75,27955,28449.5,494.5,27935.75,28039.5,103.75,30503.25,30998,494.75,30483.75,30588.25,104.5
28160.75,28655,494.25,28137.25,28241.75,104.5,28670,29164.25,494.25,28655.25,28759.5,104.25,31201.5,31696,494.5,31174.25,31278.75,104.5
28858.75,29353.25,494.5,28839.5,28943,103.5,29384.75,29879.25,494.5,29376,29479.75,103.75,31899.5,32394.25,494.75,31873,31976.5,103.5
29557,30050.75,493.75,29548.75,29652.5,103.75,30116,30610.5,494.5,30096,30199.5,103.5,32598.25,33092.25,494,32575,32678.75,103.75
30271.75,30766.25,494.5,30250,30352.75,102.75,30830.75,31325.25,494.5,30816,30919.5,103.5,33296,33790.5,494.5,33273.75,33377.5,103.75
30969.75,31464.25,494.5,30948.75,31052.5,103.75,31545.5,32040,494.5,31536,31639.75,103.75,33994,34488.25,494.25,33974.25,34075.75,101.5
31668,32162.5,494.5,31650,31752.75,102.75,32277,32771.5,494.5,32255.75,32359.75,104,34692.25,35186.75,494.5,34663,34765.75,102.75
32366,32860,494,32359.5,32463.25,103.75,32991.75,33486.25,494.5,32965.25,33068,102.75,35390.25,35884.75,494.5,35353.75,35457.5,103.75
33080.75,33575.25,494.5,33058,33161.75,103.75,33706.5,34201,494.5,33684.5,33789,104.5,36089,36583,494,36063,36165.75,102.75
33779,34273.5,494.5,33759.5,33863.25,103.75,34421.25,34915.75,494.5,34405.25,34509,103.75,36803.25,37297.5,494.25,36775,36878.75,103.75
34477.25,34971.5,494.25,34458,34561.75,103.75,35136,35630.5,494.5,35125.25,35229,103.75,37501.25,37996,494.75,37473.75,37577.5,103.75
35175.25,35669.25,494,35159.5,35262.25,102.75,35867.25,36361.75,494.5,35844.5,35949,104.5,38199.5,38694,494.5,38175,38278.75,103.75
35890,36384.5,494.5,35858,35958.25,100.25,36582.25,37076.5,494.25,36565.25,36669,103.75,38897.5,39392.25,494.75,38873,38977.5,104.5
36588.5,37082.75,494.25,36569.5,36674,104.5,37297,37791.5,494.5,37266.5,37370.25,103.75,39595.75,40090.25,494.5,39575,39678.75,103.75
37286.25,37780.75,494.5,37268,37372.5,104.5,38028.25,38522.75,494.5,38005.25,38109,103.75,40294,40788.5,494.5,40273.75,40377.5,103.75
37984.5,38478.75,494.25,37969.25,38074,104.75,38743,39237.5,494.5,38725.25,38828,102.75,40992,41486.5,494.5,40963.75,41068.25,104.5
38682.5,39177,494.5,38668.25,38772.5,104.25,39457.75,39952.25,494.5,39444.5,39549,104.5,41690.25,42184.75,494.5,41663,41766.75,103.75
39397.75,39891.75,494,39369.25,39474,104.75,40189.25,40683.75,494.5,40165.25,40265.5,100.25,42388.25,42883,494.75,42364.5,42468.25,103.75
40095.5,40590,494.5,40068.75,40172.5,103.75,40904,41398.5,494.5,40884.75,40989,104.25,43086.5,43597.25,510.75,43084.25,43188.25,104
40793.75,41288,494.25,40777.5,40882,104.5,41618.75,42113.25,494.5,41605.25,41709,103.75,43801.25,44295.75,494.5,43775,43878.75,103.75
41491.75,41986.25,494.5,41479.5,41583.25,103.75,42350,42844.5,494.5,42324.5,42429,104.5,44499.25,44994,494.75,44473.75,44577.5,103.75
42206.5,42701,494.5,42177.5,42282,104.5,43048.25,43542.25,494,43026,43130.5,104.5,45198,45692,494,45175,45278.75,103.75
42904.75,43399.25,494.5,42878.75,42983.25,104.5,43763,44257.5,494.5,43746.75,43850.5,103.75,45895.75,46390.25,494.5,45873,45977.5,104.5
43602.75,44097.25,494.5,43588.25,43692.5,104.25,44478.25,44972.25,494,44466.75,44570.5,103.75,46593.75,47088,494.25,46575,46679,104
44301,44795.5,494.5,44290.25,44394,103.75,45209.25,45703.25,494,45186.75,45290.5,103.75,47292,47786.5,494.5,47263,47367,104
45016.25,45510.25,494,44988.25,45089,100.75,45924,46418.5,494.5,45906.75,46009.5,102.75,47990,48484.5,494.5,47964.5,48068.25,103.75
45714,46208.25,494.25,45690.25,45794,103.75,46639.25,47133.25,494,46626,46730.5,104.5,48688.25,49182.75,494.5,48663,48767,104
46412,46906,494,46388.75,46492.5,103.75,47370.25,47864.25,494,47346.75,47450.5,103.75,49403,49897.25,494.25,49374.25,49479,104.75
47110.25,47604.5,494.25,47090.25,47194,103.75,48084.75,48579.25,494.5,48066.75,48170.5,103.75,50101,50595.75,494.75,50073,50177.5,104.5
47808.25,48302.75,494.5,47788.75,47891.75,103,48799.5,49294,494.5,48786,48890.5,104.5,50799.25,51293.75,494.5,50774.5,50879,104.5
48506.5,49001,494.5,48498.25,48601,102.75,49514.25,50008.75,494.5,49506.75,49610.5,103.75,51497.5,51992,494.5,51473.75,51577.5,103.75
49221.25,49715.75,494.5,49199.5,49303.25,103.75,50245.75,50740.25,494.5,50226,50330.5,104.5,52195.5,52690,494.5,52175,52279,104
49919.75,50413.75,494,49898.25,50001,102.75,50960.5,51455,494.5,50946.75,51050.5,103.75,52893.75,53388.25,494.5,52862.5,52967,104.5
50617.5,51112,494.5,50599.5,50703.25,103.75,51675.25,52169.75,494.5,51666.75,51769.5,102.75,53591.75,54086.25,494.5,53563.75,53668.25,104.5
51315.5,51810,494.5,51309,51411.75,102.75,52390,52884.5,494.5,52376,52479.75,103.75,54290,54784.25,494.25,54263.25,54367,103.75
52030.5,52524.75,494.25,52009.5,52114,104.5,53104.75,53599.25,494.5,53096,53199.75,103.75,55004.75,55499.25,494.5,54982.5,55087,104.5
52728.5,53223,494.5,52709,52811.75,102.75,53819.5,54314,494.5,53804.75,53905.5,100.75,55703.25,56197.5,494.25,55673.25,55777.75,104.5
53426.75,53921,494.25,53409.5,53514,104.5,54534.25,55028.25,494,54525.5,54629.25,103.75,56401,56895.5,494.5,56374.5,56479,104.5
54125.25,54619.25,494,54109,54212.75,103.75,55265.75,55760.25,494.5,55245.5,55349.25,103.75,57099,57593.25,494.25,57073.75,57177.5,103.75
54839.5,55333.75,494.25,54817.5,54922,104.5,55980.5,56475,494.5,55946.75,56050.5,103.75,57797.25,58291.75,494.5,57775.25,57878,102.75
55537.75,56032.25,494.5,55518.75,55623.5,104.75,56678.5,57173,494.5,56666,56770.5,104.5,58495.5,58990,494.5,58473,58577.75,104.75
56235.75,56729.5,493.75,56218.25,56322,103.75,57393.25,57887.75,494.5,57386.75,57490.5,103.75,59193.75,59688,494.25,59175.25,59279,103.75
56950.5,57445,494.5,56919,57026.5,107.5,58125.25,58619.25,494,58106.75,58210.5,103.75,59891.75,60386.25,494.5,59862.5,59967,104.5
57648.75,58143.25,494.5,57629,57732.75,103.75,58839.5,59334,494.5,58826,58930.5,104.5,60589.75,61083.75,494,60563.75,60668.25,104.5
58347,58841.25,494.25,58330.25,58434,103.75,59554.25,60048.75,494.5,59546.75,59649.5,102.75,61304.5,61799.25,494.75,61284.5,61387.25,102.75
59045,59539.5,494.5,59029,59132.75,103.75,60285.5,60780,494.5,60266,60370.5,104.5,62002.75,62497.25,494.5,61975.25,62079,103.75
59743.25,60237.5,494.25,59730.25,59833,102.75,61000.5,61495,494.5,60986.75,61090.5,103.75,62700.75,63195.5,494.75,62674,62777.75,103.75
60458,60952.25,494.25,60429,60532.75,103.75,61715.25,62209.75,494.5,61706.75,61809.5,102.75,63399,63893.5,494.5,63375.25,63478,102.75
61156,61650.5,494.5,61138.25,61238.5,100.25,62446.5,62941,494.5,62426,62530.5,104.5,64097.25,64591.75,494.5,64074,64177.5,103.5
61854.5,62348.75,494.25,61839.75,61943.25,103.5,63161.25,63655.75,494.5,63146.75,63250.5,103.75,64795.25,65289.75,494.5,64775.25,64879,103.75
62552.25,63046.75,494.5,62538.25,62642,103.75,63876,64370.5,494.5,63866.75,63970.5,103.75,65493.5,65988,494.5,65462.5,65567,104.5
63267,63761.5,494.5,63239.75,63343.5,103.75,64607.5,65102,494.5,64586.75,64687,100.25,66191.5,66686,494.5,66164.5,66268.5,104
63965.25,64459.75,494.5,63938.25,64041.25,103,65322.25,65816.25,494,65306.75,65409.5,102.75,66889.75,67384.25,494.5,66862.5,66967,104.5
64663.5,65157.75,494.25,64639.75,64742.5,102.75,66037,66531.5,494.5,66026,66130.5,104.5,67604.5,68099,494.5,67583.25,67687,103.75
65361.5,65856,494.5,65349,65452.75,103.75,66752.25,67246.25,494,66716.75,66821.25,104.5,68302.5,68797,494.5,68273.25,68377.75,104.5
66059.75,66554,494.25,66049.75,66154.25,104.5,67449.75,67944.25,494.5,67437.5,67541.25,103.75,69000.75,69495.25,494.5,68975.25,69079,103.75
66774.5,67268.75,494.25,66749,66852.75,103.75,68164.75,68658.5,493.75,68157.5,68261.25,103.75,69698.75,70193.5,494.75,69673.25,69777.75,104.5
67472.5,67967,494.5,67458.25,67562.25,104,68896,69390.5,494.5,68876.75,68981.25,104.5,70397,70891.5,494.5,70375.25,70478,102.75
68171,68665.25,494.25,68159,68263.5,104.5,69610.75,70105.25,494.5,69597.5,69700.25,102.75,71095.25,71589.75,494.5,71074,71177.75,103.75
68868.75,69363.25,494.5,68858.5,68962.25,103.75,70325.5,70819.75,494.25,70316.75,70421.25,104.5,71793.75,72287.75,494,71764,71868.25,104.25
69583.5,70078,494.5,69559,69663.5,104.5,71057,71551.5,494.5,71037.5,71141.25,103.75,72491.5,72986,494.5,72463.25,72567.25,104
70282,70776.25,494.25,70258.5,70362.25,103.75,71771.75,72266.25,494.5,71756.75,71861.25,104.5,73189.5,73684,494.5,73164.75,73268.5,103.75
70979.75,71474.25,494.5,70989,71092.75,103.75,72486.5,72980.5,494,72496.25,72599,102.75,73904.25,74399,494.75,73894.5,73999,104.5
71678,72172.5,494.5,71690.5,71793.25,102.75,73217.75,73712.25,494.5,73216.25,73319,102.75,74603,75097,494,74594,74697.75,103.75
72393.25,72887.25,494,72389,72492.75,103.75,73932.5,74427,494.5,73936.25,74040,103.75,75300.5,75795.25,494.75,75294.75,75399,104.25
73091,73585.25,494.25,73089.75,73190.5,100.75,74647.25,75141.25,494,74637.5,74741.25,103.75,75998.75,76492.75,494,75994,76097.75,103.75
73789,74283.5,494.5,73789,73889.25,100.25,75378.75,75873.25,494.5,75376.25,75480,103.75,76697,77191.5,494.5,76694.75,76799.25,104.5
74487.25,74981.25,494,74498.5,74601.25,102.75,76077.25,76571.25,494,76084.75,76189.25,104.5,77395,77889.5,494.5,77383.25,77487,103.75
75202,75695.75,493.75,75199.75,75303.5,103.75,76808.25,77302.25,494,76805.5,76908.25,102.75,78093.75,78587.75,494,78084.75,78187.5,102.75
75900,76394.5,494.5,75898.5,76002.25,103.75,77523,78017.5,494.5,77525.5,77629.25,103.75,78791.25,79285.75,494.5,78783.25,78887.25,104
76598.25,77092.75,494.5,76599.75,76703.5,103.75,78238.25,78732.25,494,78237.5,78340.25,102.75,79489.5,79984,494.5,79484.75,79588.5,103.75
77296.25,77790.75,494.5,77298.5,77401.25,102.75,78952.5,79447,494.5,78957.5,79061.25,103.75,80204.25,80698.75,494.5,80194,80297.75,103.75
78011.25,78505.5,494.25,78010.5,78114.25,103.75,79667.25,80161.75,494.5,79677.5,79781.25,103.75,80902.25,81397,494.75,80895.5,80999.25,103.75
78709.25,79203.75,494.5,78708.25,78813,104.75,80398.75,80893.25,494.5,80397.5,80501.25,103.75,81600.5,82095,494.5,81594,81697.75,103.75
79407.5,79901.75,494.25,79417.75,79522.25,104.5,81096.75,81591.25,494.5,81107,81210.75,103.75,82299,82793.25,494.25,82294.5,82399.25,104.75
80122.25,80616.5,494.25,80119.75,80220,100.25,81828.25,82322.75,494.5,81815.5,81920,104.5,82996.75,83491.25,494.5,82983.25,83086.25,103
80820.25,81314.75,494.5,80818.5,80922.25,103.75,82526.25,83020.75,494.5,82536.25,82640,103.75,83695,84189.5,494.5,83684.75,83788.5,103.75
81518.5,82013,494.5,81519.75,81623.5,103.75,83241.25,83735.5,494.25,83245.75,83349.25,103.5,84393,84887.5,494.5,84382.75,84487,104.25
82216.75,82711,494.25,82229.25,82329.25,100,83955.75,84450.25,494.5,83965.75,84069.5,103.75,85091.25,85585.75,494.5,85084.75,85188.5,103.75
82931.5,83425.75,494.25,82930.5,83034.25,103.75,84687.25,85181.75,494.5,84685.75,84785.75,100,85789.25,86284,494.75,85783.5,85887,103.5
83629.5,84124,494.5,83629,83733,104,85385.25,85880,494.75,85376.25,85480,103.75,86504,86998.75,494.75,86494.75,86599.25,104.5
84327.75,84822,494.25,84330.5,84433.25,102.75,86100.25,86594.75,494.5,86106.25,86210.75,104.5,87202.25,87696.75,494.5,87193.25,87296.75,103.5
85025.75,85519.75,494,85029.25,85132,102.75,86815,87309.5,494.5,86827,86929.75,102.75,87900.5,88395,494.5,87894.75,87999.25,104.5
85740.5,86235,494.5,85738.5,85841.25,102.75,87529.75,88024.25,494.5,87525,87629.5,104.5,88598.5,89093,494.5,88594,88697.75,103.75
86438.75,86933,494.25,86439.75,86543.5,103.75,88244.75,88738.75,494,88245.5,88349.5,104,89297,89791.25,494.25,89284,89387.5,103.5
87136.75,87631,494.25,87138.5,87241.25,102.75,88959.25,89453.75,494.5,88957.75,89061.5,103.75,89994.75,90489.25,494.5,89983.5,90087.25,103.75
87835,88329.5,494.5,87839.75,87942.75,103,89674,90168.5,494.5,89677.75,89781.5,103.75,90693,91187.5,494.5,90684,90788.5,104.5
88549.75,89044.25,494.5,88548.5,88653,104.5,90388.75,90883.25,494.5,90397.75,90501.5,103.75,91391,91885.5,494.5,91383.5,91486.25,102.75
89247.75,89742.25,494.5,89250.5,89354.25,103.75,91120,91614.5,494.5,91117.75,91221.5,103.75,92089.25,92583.5,494.25,92084,92188.5,104.5
89946,90440.5,494.5,89948.5,90053,104.5,91834.75,92329.25,494.5,91815.5,91920.25,104.75,92804,93298.5,494.5,92794.25,92898,103.75
90644.25,91138.5,494.25,90649.75,90754.25,104.5,92549.75,93044.25,494.5,92557,92661.5,104.5,93502,93996.75,494.75,93494.75,93599.25,104.5
91359,91853.25,494.25,91359.75,91463.75,104,93264.5,93759,494.5,93266.25,93370.75,104.5,94200.25,94694.75,494.5,94194.25,94298,103.75
92057,92551.5,494.5,92057.75,92162.25,104.5,93979.25,94473.75,494.5,93976.25,94080.25,104,94898.75,95393,494.25,94895.5,94999.25,103.75
92755.5,93249.5,494,92759.75,92860,100.25,94694,95188.5,494.5,94696.25,94800,103.75,95596.5,96091,494.5,95583.5,95686.25,102.75
93453.25,93947,493.75,93457.75,93562.25,104.5,95408.75,95903.25,494.5,95416.5,95520.25,103.75,96294.75,96789.25,494.5,96284.75,96388.75,104
94168,94662.5,494.5,94160,94263.75,103.75,96123.5,96618,494.5,96125.75,96229.5,103.75,96992.75,97487.25,494.5,96982.75,97087.25,104.5
94866.25,95360.75,494.5,94857.75,94962.5,104.75,96838.25,97332,493.75,96845.75,96949.5,103.75,97691,98185.5,494.5,97684.75,97788.5,103.75
95564.25,96058.5,494.25,95570.5,95674.25,103.75,97569.5,98064,494.5,97565,97669.5,104.5,98389,98883.75,494.75,98383.5,98487.25,103.75
96262.5,96757,494.5,96269.25,96373,103.75,98268,98762,494,98277.75,98381.5,103.75,99103.75,99598.5,494.75,99094.75,99199.25,104.5
96960.75,97455,494.25,96970.5,97073.25,102.75,98999,99493.5,494.5,98997.75,99101.5,103.75,99802,100296.5,494.5,99793.5,99898,104.5
97675.5,98169.75,494.25,97669.25,97773,103.75,99714,100208.25,494.25,99717.75,99821.5,103.75,100500,100994.75,494.75,100495.5,100599.25,103.75
98373.5,98868,494.5,98378.5,98481.25,102.75,100428.75,100922.75,494,100427,100530.75,103.75,101198.25,101692.75,494.5,101193.5,101298,104.5
99072.25,99566,493.75,99080,99183.75,103.75,101143.5,101638,494.5,101147,101250.75,103.75,101896.5,102391,494.5,101885,101988.75,103.75
99769.75,100264.25,494.5,99778,99878.75,100.75,101858.5,102352.5,494,101866.5,101970.75,104.25,102594.5,103089,494.5,102583.5,102686.25,102.75
100484.5,100979,494.5,100480,100580,100,102573,103067.5,494.5,102565,102669.5,104.5,103292.75,103787.25,494.5,103284.25,103388.75,104.5
101182.75,101677.25,494.5,101178.5,101278.75,100.25,103287.75,103782.25,494.5,103296.5,103400.25,103.75,103990.75,104485.25,494.5,103983.5,104086.25,102.75
101880.75,102375,494.25,101890.75,101994.5,103.75,104019.5,104513.5,494,104015.75,104120.25,104.5,104705.5,105200.25,494.75,104695.5,104799.5,104
102579,103073.5,494.5,102588.5,102693,104.5,104733.75,105228.25,494.5,104736.5,104839.25,102.75,105403.75,105898.25,494.5,105394.25,105498,103.75
103293.75,103788.25,494.5,103290.75,103394.5,103.75,105448.5,105943,494.5,105455.75,105560.25,104.5,106101.75,106596.5,494.75,106095,106199.25,104.25
103992,104486.25,494.25,103988.5,104093,104.5,106180.25,106674.25,494,106165,106269.5,104.5,106800,107294.25,494.25,106793.5,106898,104.5
104690,105184.5,494.5,104690,104794.5,104.5,106878,107372.5,494.5,106885.75,106989.5,103.75,107498.25,107992.75,494.5,107495.5,107599.25,103.75
105388.25,105882.5,494.25,105399.25,105503.75,104.5,107593,108087.25,494.25,107597.75,107701.5,103.75,108196.25,108690.75,494.5,108183.5,108287.5,104
106103,106597.25,494.25,106097.75,106202.5,104.75,108307.75,108802.25,494.5,108317.75,108421.5,103.75,108894.5,109389,494.5,108885,108988.75,103.75
106801,107295.5,494.5,106800,106903.75,103.75,109022.5,109516.5,494,109027.25,109130,102.75,109592.5,110087,494.5,109583.5,109687.25,103.75
107499.25,107993.75,494.5,107498.75,107602.5,103.75,109737.25,110231.75,494.5,109747.25,109851,103.75,110291.25,110785.25,494,110284.25,110388.75,104.5
108197.25,108691.75,494.5,108210.75,108314.5,103.75,110452,110946.5,494.5,110455.75,110560.25,104.5,111005.5,111499.75,494.25,110993.5,111098,104.5
108912,109406.5,494.5,108909.25,109013,103.75,111166.75,111661.25,494.5,111176.5,111280.25,103.75,111703.5,112198.25,494.75,111695.5,111799.5,104
109610.25,110104.75,494.5,109610.75,109710.75,100,111898,112392.5,494.5,111896.5,112000.25,103.75,112401.75,112896.25,494.5,112393.5,112498,104.5
110308.5,110802.5,494,110309.25,110413,103.75,112612.75,113107.25,494.5,112616.5,112720.25,103.75,113099.75,113594.5,494.75,113095,113199.5,104.5
111006.5,111501,494.5,111018.75,111122.5,103.75,113327.5,113822,494.5,113336.5,113439.25,102.75,113798,114292.5,494.5,113793.5,113898,104.5
111721.25,112215.75,494.5,111720,111823.75,103.75,114059,114553.5,494.5,114056.5,114160.25,103.75,114496.5,114990.75,494.25,114484.25,114588.75,104.5
112419.5,112913.75,494.25,112418.75,112522.5,103.75,114757,115251,494,114765.25,114869.75,104.5,115194.25,115688.75,494.5,115183.75,115287.5,103.75
113117.5,113612,494.5,113120,113223.75,103.75,115472,115966.5,494.5,115477.75,115580.5,102.75,115892.5,116387,494.5,115884.25,115988.75,104.5
113815.75,114310.25,494.5,113818.75,113922.5,103.75,116187,116681.25,494.25,116197.75,116301.75,104,116590.5,117085,494.5,116583.75,116687.5,103.75
114530.5,115025,494.5,114530,114634.5,104.5,116918,117412.25,494.25,116917.25,117018,100.75,117305.25,117800,494.75,117295.75,117399.5,103.75
115228.5,115723,494.5,115229.5,115329.5,100,117632.75,118127.25,494.5,117638,117741.75,103.75,118003.5,118498,494.5,117993.75,118098.25,104.5
115927,116421.25,494.25,115930,116034.5,104.5,118347.5,118842,494.5,118357.75,118461.75,104,118702,119196.25,494.25,118695.75,118799.5,103.75
116625,117119.25,494.25,116629.5,116732.25,102.75,119079.25,119573.25,494,119077.25,119181.5,104.25,119399.75,119894.25,494.5,119393.5,119498.25,104.75
117339.75,117834,494.25,117330.75,117434.5,103.75,119793.75,120288.25,494.5,119776.5,119880.25,103.75,120098.25,120592.5,494.25,120095.75,120199.5,103.75
118038.25,118532.25,494,118039.25,118144,104.75,120508.5,121003,494.5,120518,120621.75,103.75,120796,121290.5,494.5,120783.75,120887.5,103.75
118736,119229.75,493.75,118738.75,118842.5,103.75,121239.75,121734.25,494.5,121237.25,121341.75,104.5,121494.25,121988.75,494.5,121484.25,121588.75,104.5
119434,119928.5,494.5,119440,119543.75,103.75,121954.5,122449,494.5,121957.25,122061.75,104.5,122192.25,122686.75,494.5,122183,122287.5,104.5
120148.75,120643.25,494.5,120138,120242.5,104.5,122669.25,123163.75,494.5,122678,122781.75,103.75,122890.5,123384.75,494.25,122884.25,122988.75,104.5
120847,121341,494,120850.75,120954.5,103.75,123400.75,123895.25,494.5,123397.25,123501.75,104.5,123605.25,124099.75,494.5,123594.25,123698,103.75
121545,122039.5,494.5,121549.5,121653.25,103.75,124115.5,124610,494.5,124118,124220.75,102.75,124303.75,124798,494.25,124295.75,124399.5,103.75
122243.25,122737.75,494.5,122250.75,122353.5,102.75,124830.25,125324.75,494.5,124838,124941.75,103.75,125001.5,125496,494.5,124993.75,125098.25,104.5
122958,123452.5,494.5,122948.75,123053.25,104.5,125545,126039.5,494.5,125547.25,125651,103.75,125700,126194.25,494.25,125695.75,125799.5,103.75
123656.25,124150.5,494.25,123658.75,123759,100.25,126260,126754.25,494.25,126255.75,126360.5,104.75,126397.75,126892.25,494.5,126393.75,126498.25,104.5
124354.5,124848.75,494.25,124360,124463.75,103.75,126974.5,127469,494.5,126976.5,127080.25,103.75,127096.5,127590.5,494,127084.25,127189,104.75
125052.5,125547,494.5,125058.75,125162.5,103.75,127689.25,128183.75,494.5,127696.5,127800.5,104,127794,128288.5,494.5,127783,127887.5,104.5
125767.25,126261.75,494.5,125760,125863.75,103.75,128420.75,128915.25,494.5,128416.75,128520.5,103.75,128492.5,128986.75,494.25,128484.25,128589,104.75
126465.75,126959.75,494,126469.5,126572.25,102.75,129135.5,129630,494.5,129136.75,129240.5,103.75,129190.25,129684.75,494.5,129183,129287.5,104.5
127163.5,127657.25,493.75,127170.75,127274.75,104,129850.25,130344.75,494.5,129856.75,129960.5,103.75,129905,130399.75,494.75,129895.75,129999.5,103.75
127861.5,128356,494.5,127868.75,127972.25,103.5,130565,131059,494,130576.5,130680.25,103.75,130603.25,131097.75,494.5,130593.75,130698.25,104.5
128576.25,129070.75,494.5,128570.75,128674.75,104,131296.5,131790.75,494.25,131296,131400.25,104.25,131302,131796,494,131295.75,131398.5,102.75
129274.5,129768.75,494.25,129269.5,129372.25,102.75,132011.25,132505.75,494.5,132016,132120.25,104.25,131999.5,132494,494.5,131994.5,132098.25,103.75
129972.75,130467,494.25,129970.25,130074.5,104.25,132726.25,133220.5,494.25,132736.75,132840.5,103.75,132697.75,133191.75,494,132695,132799.5,104.5
130670.75,131165.25,494.5,130679.5,130784,104.5,133457.25,133951.5,494.25,133456.75,133560.5,103.75,133395.75,133890.25,494.5,133383,133487.5,104.5
131369,131863.25,494.25,131378.75,131482.5,103.75,134172,134666.5,494.5,134176.75,134280.5,103.75,134094,134588.5,494.5,134085,134189,104
132083.75,132578.25,494.5,132079.5,132184,104.5,134886.75,135381.25,494.5,134896.75,135000.5,103.75,134792,135286.5,494.5,134783,134887.5,104.5
132781.75,133276.25,494.5,132779,132882.5,103.5,135618.5,136112.75,494.25,135616.75,135720.5,103.75,135490.25,135984.75,494.5,135485.25,135589,103.75
133480,133974.5,494.5,133479.5,133584,104.5,136333,136827.5,494.5,136336.75,136440.5,103.75,136205,136699.5,494.5,136194.5,136298.25,103.75
134178.25,134672.5,494.25,134189.5,134296.5,107,137047.75,137542.25,494.5,137056,137160.5,104.5,136903,137397,494,136895.75,136999.5,103.75
134892.75,135387.25,494.5,134891,134994.75,103.75,137779,138273.5,494.5,137776.75,137880.5,103.75,137601.25,138095.75,494.5,137594.5,137698.25,103.75
135591,136085.5,494.5,135588.75,135693.25,104.5,138493.75,138987.75,494,138496,138600.5,104.5,138299.25,138794,494.75,138295.75,138399.5,103.75
136289.25,136783.5,494.25,136298.25,136405.75,107.5,139208.75,139703,494.25,139216.75,139320.5,103.75,138998,139492,494,138994.5,139097.25,102.75
136987.25,137481.75,494.5,137000.25,137100.25,100,139940,140434.5,494.5,139936.75,140040.5,103.75,139695.75,140190.25,494.5,139685.25,139789,103.75
137702,138196.5,494.5,137699,137802.75,103.75,140638.25,141132.75,494.5,140646,140749.75,103.75,140377.25,140888.25,511,140383.75,140487.5,103.75
138400.5,138894.75,494.25,138400.25,138503,102.75,141369.5,141864,494.5,141366,141469.75,103.75,141092,141586.5,494.5,141084.5,141189,104.5
139098.25,139592.75,494.5,139098.25,139202.75,104.5,142084.25,142578.75,494.5,142086,142189.75,103.75,141790,142284.5,494.5,141783,141887.75,104.75
139797,140291,494,139811,139913.75,102.75,142799,143293.5,494.5,142798,142902,104,142504.75,142999.5,494.75,142495.75,142598.5,102.75
140511.25,141005.75,494.5,140509.5,140613.25,103.75,143513.75,144008.25,494.5,143518,143621.75,103.75,143203,143697.5,494.5,143194.5,143294.75,100.25
141209.25,141703.75,494.5,141240.25,141344,103.75,144228.5,144722.5,494,144256.75,144360.5,103.75,143901,144395.75,494.75,143914.5,144018.25,103.75
141908,142402,494,141938.25,142042.75,104.5,144943.25,145437.75,494.5,144965.5,145068.75,103.25,144599.5,145093.75,494.25,144623.75,144727.75,104
142605.75,143099.75,494,142651,142751,100,145658.75,146152.5,493.75,145696.75,145800.5,103.75,145297.5,145792,494.5,145324.5,145429,104.5
143320.5,143814.25,493.75,143349.5,143453.25,103.75,146389.75,146884,494.25,146406,146510,104,145995.5,146489.75,494.25,146023.75,146127.75,104
144018.5,144513,494.5,144051,144154.75,103.75,147087.75,147582,494.25,147118,147221,103,146693.75,147188.25,494.5,146714.5,146818.25,103.75
144716.75,145211.25,494.5,144749.5,144853.25,103.75,147819,148313.5,494.5,147837.5,147941.75,104.25,147391.75,147886.25,494.5,147415,147519.75,104.75
145414.75,145909.25,494.5,145451,145553.75,102.75,148533.75,149028.25,494.5,148557.5,148661.75,104.25,148090,148584.5,494.5,148114.5,148218.25,103.75
146129.5,146624,494.5,146149.75,146249.75,100,149248.5,149743,494.5,149278.25,149382,103.75,148804.75,149299.25,494.5,148829.25,148933,103.75
146827.75,147322.25,494.5,146859,146962.75,103.75,149963.25,150457.25,494,149986.75,150091.25,104.5,149502.75,149997.5,494.75,149525.25,149629,103.75
147525.75,148020.25,494.5,147560.25,147663,102.75,150678,151172.5,494.5,150707.5,150811.25,103.75,150201,150695.5,494.5,150223.25,150327.75,104.5
148224,148718.5,494.5,148259,148361.75,102.75,151409.5,151904,494.5,151427.5,151531.25,103.75,150899.25,151393.75,494.5,150924.5,151029,104.5
148939,149433.25,494.25,148960.25,149064,103.75,152124.25,152618.25,494,152146.75,152251.25,104.5,151597.25,152091.75,494.5,151623.25,151727.75,104.5
149637,150131.25,494.25,149669,149773.5,104.5,152839,153333.5,494.5,152856.75,152959.5,102.75,152296,152790,494,152324.5,152429,104.5
150335,150829.5,494.5,150371,150474.75,103.75,153553.75,154048.25,494.5,153576.75,153680.5,103.75,152993.5,153488,494.5,153016,153119.75,103.75
151033.25,151527.75,494.5,151069,151173.5,104.5,154252,154746.25,494.25,154285.5,154390,104.5,153691.75,154186.25,494.5,153714.5,153818.25,103.75
151748,152242.25,494.25,151770.25,151874.75,104.5,154966.75,155461,494.25,154998.25,155102,103.75,154406.5,154901,494.5,154434.5,154538.5,104
152446,152940.5,494.5,152479.75,152584,104.25,155664.75,156159.25,494.5,155696.75,155800.5,103.75,155105.25,155599.25,494,155136,155238.75,102.75
153144.25,153638.75,494.5,153178.25,153282.75,104.5,156379.5,156874,494.5,156416.75,156520.5,103.75,155802.75,156297.25,494.5,155824,155927.75,103.75
153842.25,154336.75,494.5,153880.25,153984.25,104,157111,157605.5,494.5,157126.25,157229,102.75,156500.75,156995.25,494.5,156524.5,156629,104.5
154557,155051.5,494.5,154579,154682.75,103.75,157809.25,158303.5,494.25,157838.25,157942,103.75,157199,157693.5,494.5,157223.25,157327.75,104.5
155255.25,155749.75,494.5,155280.25,155384.25,104,158540.5,159034.5,494,158558.25,158662,103.75,157897.25,158391.75,494.5,157925.25,158029,103.75
155953.25,156447.75,494.5,155989.75,156093.5,103.75,159255.25,159749.75,494.5,159277.5,159381,103.5,158595.75,159089.75,494,158623.25,158730.75,107.5
156651.5,157146,494.5,156691,156791.25,100.25,159970,160464.5,494.5,159998.25,160102,103.75,159293.5,159788,494.5,159314,159418.5,104.5
157366.25,157860.75,494.5,157389.75,157493.5,103.75,160701.75,161195.75,494,160726.25,160830,103.75,159991.5,160486,494.5,160015.25,160119.75,104.5
158064.5,158559,494.5,158091,158194.75,103.75,161399.5,161894,494.5,161417,161519.75,102.75,160706.25,161201,494.75,160736,160838.75,102.75
158762.5,159257,494.5,158800.5,158904.25,103.75,162097.75,162592,494.25,162126.25,162230,103.75,161405,161899,494,161423.25,161527.75,104.5
159461.25,159955.25,494,159499,159601.75,102.75,162829,163323.5,494.5,162846.25,162950,103.75,162102.5,162597.25,494.75,162124.5,162229,104.5
160175.75,160670,494.25,160200.5,160303.25,102.75,163543.75,164038.25,494.5,163565.5,163669,103.5,162800.75,163295,494.25,162824,162927.75,103.75
160873.5,161368,494.5,160899,160999.25,100.25,164258.5,164753,494.5,164286.25,164390,103.75,163499,163993.5,494.5,163525.25,163629,103.75
161571.75,162066.25,494.5,161610.25,161715,104.75,164973.25,165467.75,494.5,164998.25,165102,103.75,164197,164691.5,494.5,164223.25,164327.75,104.5
162269.75,162764.25,494.5,162309.75,162413.5,103.75,165688.25,166182.25,494,165717.5,165822,104.5,164895.5,165389.75,494.25,164924.75,165029.25,104.5
162984.75,163478.75,494,163010.5,163115,104.5,166419.5,166913.5,494,166446.25,166550,103.75,165593.25,166087.75,494.5,165615.25,165719.75,104.5
163682.75,164177.25,494.5,163709.75,163813.5,103.75,167117.5,167612,494.5,167147,167251.25,104.25,166291.5,166786,494.5,166314,166418.5,104.5
164381,164875.5,494.5,164411.25,164515,103.75,167832.25,168326.75,494.5,167857,167960.75,103.75,167006.25,167500.75,494.5,167034.75,167134.75,100
165079,165573.5,494.5,165120.5,165224.25,103.75,168547,169041.5,494.5,168576.25,168680.75,104.5,167704.25,168198.5,494.25,167725.5,167829,103.5
165777.5,166271.75,494.25,165818.5,165922.75,104.25,169278.5,169773,494.5,169297,169397,100,168402.5,168897,494.5,168423.25,168527.75,104.5
166492.25,166986.5,494.25,166519.75,166624.25,104.5,169976.75,170471,494.25,170006.25,170110,103.75,169100.5,169595.25,494.75,169125.25,169229,103.75
167190,167684,494,167219.25,167323,103.75,170708,171202.5,494.5,170726.25,170830,103.75,169799,170293.25,494.25,169823.25,169928,104.75
167888.25,168382.75,494.5,167931,168034.75,103.75,171423,171917.25,494.25,171445.5,171550,104.5,170497,170991.5,494.5,170525.5,170629.25,103.75
168603,169097.5,494.5,168629,168733.5,104.5,172137.5,172632,494.5,172166.25,172270,103.75,171195,171689,494,171223.5,171328,104.5
169301.25,169795.5,494.25,169331.25,169434.75,103.5,172852.25,173346.75,494.5,172877.5,172982,104.5,171893.25,172387.75,494.5,171914,172018.5,104.5
169999.25,170493.75,494.5,170029.75,170133.5,103.75,173567,174061.5,494.5,173598.25,173702,103.75,172591.25,173085.75,494.5,172615.25,172723,107.75
170697.5,171192,494.5,170730.5,170835,104.5,174281.75,174776.25,494.5,174307.75,174411.25,103.5,173306,173800.75,494.75,173336,173439.75,103.75
171412.25,171906.75,494.5,171440.5,171544.25,103.75,174996.75,175491,494.25,175027,175131.5,104.5,174004.25,174498.75,494.5,174024,174128,104
172110.25,172604.75,494.5,172139.25,172243,103.75,175728,176222,494,175747.5,175851.5,104,174702.25,175197,494.75,174725.5,174829.25,103.75
172808.5,173303,494.5,172840.5,172943.25,102.75,176426,176920.5,494.5,176457,176559.75,102.75,175400.5,175895,494.5,175423.5,175528,104.5
173506.5,174001,494.5,173539.25,173643,103.75,177140.75,177635.25,494.5,177166.25,177270,103.75,176098.75,176593.25,494.5,176125.5,176229.25,103.75
174221.25,174715.75,494.5,174240.5,174343.25,102.75,177855.5,178350,494.5,177885.75,177990,104.25,176796.75,177291.25,494.5,176823.5,176928,104.5
174919.5,175414,494.5,174949.75,175050,100.25,178587,179081.5,494.5,178606.25,178709,102.75,177495,177989,494,177524.75,177625.5,100.75
175618,176112,494,175651.25,175755,103.75,179285.25,179779.75,494.5,179318.5,179422.25,103.75,178193,178687.5,494.5,178215.5,178320,104.5
176315.75,176809.75,494,176349.75,176452.75,103,180016.5,180511,494.5,180038.25,180142,103.75,178891.25,179385.75,494.5,178914,179021.5,107.5
177030.5,177524.5,494,177051.25,177155,103.75,180731.25,181225.75,494.5,180758.5,180862,103.5,179606,180100.5,494.5,179634.75,179738.5,103.75
177728.75,178223.25,494.5,177760.5,177864.25,103.75,181446,181940.5,494.5,181467.75,181571.5,103.75,180304,180798.25,494.25,180328,180432,104
178426.75,178921.25,494.5,178458.5,178562,103.5,182160.75,182655.25,494.5,182187.75,182291.5,103.75,181002.25,181496.75,494.5,181024.25,181128,103.75
179125,179619.5,494.5,179160.5,179264.5,104,182875.5,183369.5,494,182907.75,183011.5,103.75,181700.25,182195,494.75,181725.5,181825.5,100
179823,180317.5,494.5,179859.25,179963,103.75,183590.25,184084.75,494.5,183617,183719.75,102.75,182399,182893,494,182423.5,182531,107.5
180537.75,181032.25,494.5,180559.75,180664.25,104.5,184305.25,184799.5,494.25,184337,184440.75,103.75,183096.75,183591.25,494.5,183125.5,183228.25,102.75
181236,181730.5,494.5,181259.25,181363,103.75,185036.5,185531,494.5,185057,185159.75,102.75,183794.75,184289.25,494.5,183823.5,183928,104.5
181934.25,182428.5,494.25,181971.25,182075,103.75,185751.25,186245.75,494.5,185766.5,185869.25,102.75,184493,184987.5,494.5,184514,184618.75,104.75
182632.25,183126.75,494.5,182670,182773.75,103.75,186466,186960.5,494.5,186485.5,186590.25,104.75,185191,185685,494,185215.5,185316.25,100.75
183347,183841.5,494.5,183371.25,183475,103.75,187181,187675,494,187206.5,187309.25,102.75,185905.75,186400.5,494.75,185936.25,186039,102.75
184045.25,184539.75,494.5,184080.5,184184.25,103.75,187895.5,188390,494.5,187926.5,188030.25,103.75,186604.25,187098.5,494.25,186628.75,186733.25,104.5
184743.25,185237.75,494.5,184779.25,184883,103.75,188627,189121.5,494.5,188645.75,188750.25,104.5,187302,187796.75,494.75,187325.5,187428.25,102.75
185441.5,185936,494.5,185480.5,185583.25,102.75,189341.75,189836.25,494.5,189366.5,189470.25,103.75,188000.25,188494.5,494.25,188023.5,188128,104.5
186156.25,186650.75,494.5,186179.25,186283,103.75,190056.5,190551,494.5,190078.5,190182.25,103.75,188698.5,189193,494.5,188725.5,188829.25,103.75
186854.25,187348.75,494.5,186880.5,186980.75,100.25,190771.25,191265.75,494.5,190798.5,190901.25,102.75,189396.5,189891,494.5,189424.25,189528,103.75
187552.75,188047,494.25,187590,187693.75,103.75,191486,191980.5,494.5,191517.75,191622.25,104.5,190094.75,190589.25,494.5,190122,190226.75,104.75
188250.5,188744.5,494,188291.25,188395,103.75,192200.75,192695.25,494.5,192227.75,192331.5,103.75,190792.75,191287,494.25,190816.25,190920,103.75
188965.25,189459.25,494,188990,189092.75,102.75,192915.75,193409.75,494,192947.75,193050.5,102.75,191491,191985.5,494.5,191514.75,191618.75,104
189663.5,190158,494.5,189691.25,189795,103.75,193647,194141.25,494.25,193667.75,193771.5,103.75,192206.25,192700.25,494,192235,192337.75,102.75
190361.75,190856.25,494.5,190400,190504.5,104.5,194345.5,194839.5,494,194376.5,194481,104.5,192903.75,193398.5,494.75,192925.5,193029.25,103.75
191059.75,191554.25,494.5,191099.25,191202,102.75,195076.5,195570.75,494.25,195097.25,195201,103.75,193602.5,194096.5,494,193623.5,193728,104.5
191774.5,192269,494.5,191800,191904.5,104.5,195791.25,196285.75,494.5,195816.5,195921,104.5,194300.25,194794.75,494.5,194325.5,194428.25,102.75
192473.25,192967.25,494,192499.25,192602,102.75,196506,197000.5,494.5,196547.75,196651.5,103.75,194998.75,195492.75,494,195024.25,195127,102.75
193170.75,193665.25,494.5,193210.5,193315,104.5,197220.75,197715.25,494.5,197246.5,197350.25,103.75,195696.5,196191,494.5,195725.5,195829.25,103.75
193869,194363.5,494.5,193910,194013.75,103.75,197935.5,198430,494.5,197958.5,198062.25,103.75,196394.75,196889,494.25,196421,196525.5,104.5
194583.75,195078.25,494.5,194610.5,194715.25,104.75,198650.25,199144.25,494,198678.5,198782.25,103.75,197092.75,197587.25,494.5,197114.25,197218.75,104.5
195282,195776.25,494.25,195309.25,195413.75,104.5,199348.25,199842.75,494.5,199387.75,199491.5,103.75,197791,198285.5,494.5,197816.25,197920,103.75
195980,196474.5,494.5,196010.75,196115.25,104.5,200063.25,200557.5,494.25,200097.25,200201,103.75,198505.5,198999.5,494,198535.5,198640,104.5
196678.25,197172.75,494.5,196710,196813.75,103.75,200778,201272.25,494.25,200798.5,200898.75,100.25,199203.75,199698.25,494.5,199224.25,199327,102.75
197393,197887.5,494.5,197419.25,197523.25,104,201492.75,201986.5,493.75,201518.5,201622.25,103.75,199901.75,200396.5,494.75,199925.75,200029.5,103.75
198091,198585.5,494.5,198120.75,198224.5,103.75,202207.5,202701.75,494.25,202238.5,202342.25,103.75,200600.5,201094.5,494,200635,200737.75,102.75
198789.25,199283.75,494.5,198819.25,198923.25,104,202938.75,203433.25,494.5,202958.5,203062.25,103.75,201298.25,201792.75,494.5,201325.5,201429.25,103.75
199487.75,199981.75,494,199520.75,199620.75,100,203653.5,204147.5,494,203678.5,203782.25,103.75,201996.25,202490.5,494.25,202024.25,202128,103.75
200202.5,200696.5,494,200230,200333.75,103.75,204368.25,204862.75,494.5,204398.5,204502.25,103.75,202694.5,203189,494.5,202722.25,202826.75,104.5
200900.25,201394.25,494,200931.5,201034.25,102.75,205099.75,205594.25,494.5,205118.5,205222.25,103.75,203392.5,203887,494.5,203416.25,203520,103.75
201598.25,202092.75,494.5,201630,201732.75,102.75,205814.5,206308.5,494,205838.5,205941.25,102.75,204090.75,204585.25,494.5,204115,204218.75,103.75
202296.5,202791,494.5,202339.25,202439.5,100.25,206529.25,207023.75,494.5,206557.75,206662.25,104.5,204805.5,205299.75,494.25,204835,204938.75,103.75
203011.25,203505.75,494.5,203040.75,203143.5,102.75,207244.5,207738.5,494,207268,207371.75,103.75,205503.5,205998.25,494.75,205525.75,205629.5,103.75
203709.5,204204,494.5,203739.5,203843.25,103.75,207958.75,208453.25,494.5,207987.75,208090.75,103,206201.75,206696.25,494.5,206223.75,206327,103.25
204407.5,204902,494.5,204440.75,204544.5,103.75,208690.25,209184.5,494.25,208707.25,208811.75,104.5,206900.25,207394.5,494.25,206925.75,207029.5,103.75
205105.75,205600.25,494.5,205139.5,205243.25,103.75,209405,209899.25,494.25,209427.25,209531.75,104.5,207598,208092.5,494.5,207623.75,207728,104.25
205820.5,206314.75,494.25,205850.75,205951.5,100.75,210119.75,210614,494.25,210148,210251.75,103.75,208296.25,208790.5,494.25,208325.75,208428.5,102.75
206518.5,207013,494.5,206550,206654,104,210851,211345.5,494.5,210878.5,210982.25,103.75,208994.25,209488.75,494.5,209016.25,209120,103.75
207217,207711.25,494.25,207250.75,207355.25,104.5,211549.25,212043,493.75,211576.5,211681,104.5,209692.5,210187,494.5,209714.25,209818.75,104.5
207914.75,208409,494.25,207950,208054,104,212280.5,212775,494.5,212297.25,212401,103.75,210407.25,210901.75,494.5,210434.5,210537.75,103.25
208629.5,209123.75,494.25,208650.75,208755.25,104.5,212979,213473.25,494.25,213006.75,213109.5,102.75,211105.25,211599.5,494.25,211135.5,211239.25,103.75
209327.75,209822.25,494.5,209360,209464.5,104.5,213710.25,214204.5,494.25,213726.5,213830.5,104,211803.5,212298,494.5,211824.25,211928.25,104
210026,210520.5,494.5,210058.75,210163.25,104.5,214408.25,214902.75,494.5,214438.5,214542.5,104,212501.5,212996.25,494.75,212525.75,212629.5,103.75
210724,211218,494,210760,210864.5,104.5,215123,215617,494,215158,215262.5,104.5,213199.75,213694.25,494.5,213224.25,213328,103.75
211438.75,211932.75,494,211560.75,211664.5,103.75,215837.75,216332.25,494.5,215965.75,216070.5,104.75,213898,214392.5,494.5,214024.5,214128.25,103.75
212137,212631.5,494.5,212259.5,212363.25,103.75,216552.5,217047,494.5,216678.5,216782.5,104,214596,215090.5,494.5,214725.75,214828.5,102.75
212835,213329.5,494.5,212971.5,213075.25,103.75,217267.25,217761.75,494.5,217398.75,217502.5,103.75,215294.25,215788.75,494.5,215416.25,215520.25,104
213533.25,214027.25,494,213670.25,213773.75,103.5,217982,218476.5,494.5,218108,218211.75,103.75,215992.25,216486.5,494.25,216114.5,216218.75,104.25
214248,214742,494,214371.5,214475.25,103.75,218696.75,219190.75,494,218827.25,218931.75,104.5,216707,217201.75,494.75,216835,216938.75,103.75
214946,215440.75,494.75,215070.25,215174,103.75,219411.5,219906,494.5,219548,219651.75,103.75,217405.25,217899.75,494.5,217535.5,217640.25,104.75
215644.25,216138.75,494.5,215779.5,215883.25,103.75,220126.75,220620.75,494,220246.75,220350.5,103.75,218103.25,218598,494.75,218224.5,218327.25,102.75
216342.5,216837,494.5,216480.75,216584.5,103.75,220841,221335.5,494.5,220977.25,221081.25,104,218801.5,219295.75,494.25,218925.75,219029.5,103.75
217040.5,217535,494.5,217179.5,217282.25,102.75,221556,222050.25,494.25,221678.75,221782.5,103.75,219499.75,219994.25,494.5,219624.5,219727.25,102.75
217755.25,218249.75,494.5,217880.75,217981,100.25,222270.75,222765,494.25,222398.75,222502.5,103.75,220197.75,220692.25,494.5,220325.75,220429.5,103.75
218453.5,218948,494.5,218579.5,218682.25,102.75,222985.5,223479.75,494.25,223118,223222.5,104.5,220896,221390.5,494.5,221024.5,221127.25,102.75
219151.5,219646,494.5,219280.25,219383.75,103.5,223716.75,224211.25,494.5,223838.75,223942.5,103.75,221594,222088.5,494.5,221715,221818,103
219849.75,220344.25,494.5,219990.25,220094,103.75,224431.5,224925.75,494.25,224566.75,224670.5,103.75,222292.5,222786.75,494.25,222416.5,222520.25,103.75
220547.75,221059,511.25,220690.75,220795.25,104.5,225146.25,225640.75,494.5,225278.75,225378.75,100,223007,223501,494,223135.75,223240.25,104.5
221262.5,221757.25,494.75,221389.5,221494,104.5,225877.75,226372,494.25,225998.75,226102.5,103.75,223705,224199.75,494.75,223835.25,223939,103.75
221960.75,222455.25,494.5,222090.75,222195.25,104.5,226593,227086.75,493.75,226718.75,226822.5,103.75,224403.25,224897.75,494.5,224525.75,224629.5,103.75
222658.75,223153.5,494.75,222800.25,222904.75,104.5,227307.25,227801.75,494.5,227438.75,227541.5,102.75,225101.75,225596,494.25,225224.5,225327.25,102.75
223373.75,223868.25,494.5,223499.5,223603.25,103.75,228038.5,228533,494.5,228158,228262.5,104.5,225799.5,226294,494.5,225925,226029.5,104.5
224071.75,224566.25,494.5,224200.25,224304.75,104.5,228753.5,229247.75,494.25,228886.75,228990.5,103.75,226497.75,226991.75,494,226624.5,226727.25,102.75
224770,225264.5,494.5,224899.5,225003.25,103.75,229468.25,229962.5,494.25,229588,229691.75,103.75,227195.75,227690.25,494.5,227325.75,227429.75,104
225468.5,225962.5,494,225611.5,225715.25,103.75,230166.75,230660.75,494,230296.75,230401.25,104.5,227894,228388.5,494.5,228016.5,228120.25,103.75
226183.5,226677.25,493.75,226310.25,226413,102.75,230898,231392,494,231017.5,231121.25,103.75,228592.25,229086.75,494.5,228715.25,228818,102.75
226881,227375.5,494.5,227011.5,227115.25,103.75,231612.5,232106.75,494.25,231737.5,231841.25,103.75,229306.75,229800.75,494,229435.25,229539,103.75
227579,228073.75,494.75,227710.25,227813,102.75,232327.25,232821.5,494.25,232457.5,232561.25,103.75,230005,230499.5,494.5,230133.75,230237.75,104
228277.75,228771.75,494,228419.5,228519.75,100.25,233058.5,233553,494.5,233177.5,233280.25,102.75,230703,231197.75,494.75,230824.5,230927.25,102.75
228992.5,229486.5,494,229121,229224.75,103.75,233756.75,234251,494.25,233886.75,233989.5,102.75,231401.5,231895.75,494.25,231526,231629.5,103.5
229690.25,230184.5,494.25,229819.5,229923.25,103.75,234471.5,234965.5,494,234598,234702.5,104.5,232099.5,232594,494.5,232224.5,232328.25,103.75
230388.25,230882.75,494.5,230521,230623.75,102.75,235186.25,235680.75,494.5,235318.75,235422.5,103.75,232797.5,233291.75,494.25,232926,233029.75,103.75
231086.5,231581,494.5,231230.25,231334,103.75,235917.5,236412,494.5,236038.75,236142.5,103.75,233495.75,233990.25,494.5,233624.5,233728.25,103.75
231801.25,232295.75,494.5,231930.75,232035.5,104.75,236632.75,237126.75,494,236758.75,236862.5,103.75,234193.75,234688.25,494.5,234315.25,234419,103.75
232499.25,232993.25,494,232629.75,232733,103.25,237347.25,237841.5,494.25,237478.75,237582.5,103.75,234892.25,235386.5,494.25,235016.5,235120.25,103.75
233197.5,233692,494.5,233330.75,233435.5,104.75,238078.5,238573,494.5,238198,238302.5,104.5,235606.75,236101.25,494.5,235735.75,235840.25,104.5
233895.5,234390.25,494.75,234030.25,234134,103.75,238793.25,239287.75,494.5,238918.75,239021.5,102.75,236288.25,236799.5,511.25,236424.5,236528.25,103.75
234610.25,235105,494.75,234739.75,234843.5,103.75,239508,240002.5,494.5,239638.75,239742.5,103.75,237003,237497.5,494.5,237126,237228.75,102.75
235308.5,235803,494.5,235440.25,235543.75,103.5,240239.5,240733.75,494.25,240358.75,240462.5,103.75,237701.25,238195.75,494.5,237824.5,237928.25,103.75
236006.75,236501.25,494.5,236139.75,236243.5,103.75,240954.25,241448.5,494.25,241078.75,241181.5,102.75,238399.25,238893.75,494.5,238525.25,238629.75,104.5
236704.75,237199.25,494.5,236840.25,236944.75,104.5,241669,242163.25,494.25,241798,241902.5,104.5,239097.5,239592,494.5,239216.5,239319.25,102.75
237403,237897.5,494.5,237539.75,237643.5,103.75,242400.5,242894.75,494.25,242518.75,242622.5,103.75,239795.75,240290,494.25,239926,240029.75,103.75
238117.75,238612.25,494.5,238241,238344.75,103.75,243115,243609.5,494.5,243238.75,243342.75,104,240493.75,240988.25,494.5,240616.5,240719.5,103
238816.25,239310.25,494,238939,239043.5,104.5,243829.75,244324.25,494.5,243958.75,244062.75,104,241191.75,241686,494.25,241315.25,241418,102.75
239514,240008.25,494.25,239651.75,239755.5,103.75,244561.25,245055.75,494.5,244678.75,244782.5,103.75,241906.5,242401.25,494.75,242034.5,242139,104.5
240212,240706.75,494.75,240350.25,240454.25,104,245276,245770.5,494.5,245406,245510.75,104.75,242604.75,243099.25,494.5,242726,242829.75,103.75
240926.75,241421.5,494.75,241051.75,241155.5,103.75,245990.75,246485.25,494.5,246108.25,246212,103.75,243303,243797.5,494.5,243424.75,243528.5,103.75
241625,242119.5,494.5,241749.75,241854,104.25,246705.5,247199.5,494,246816.75,246921.25,104.5,244001,244495.25,494.25,244125.25,244229.75,104.5
242323.25,242817.25,494,242459,242563.5,104.5,247420.25,247914.75,494.5,247537.5,247640.25,102.75,244699.25,245193.75,494.5,244824,244927.5,103.5
243021.25,243515.75,494.5,243161,243264.75,103.75,248135.5,248629.5,494,248256.75,248361.5,104.75,245397.25,245891.75,494.5,245526,245629.75,103.75
243736,244230.5,494.5,243859.75,243963.5,103.75,248849.75,249344.25,494.5,248977.5,249081.25,103.75,246095.5,246590,494.5,246224.75,246327.5,102.75
244434.25,244928.75,494.5,244571,244674.5,103.5,249581.25,250075.5,494.25,249697.5,249801.25,103.75,246793.75,247288,494.25,246915.25,247018,102.75
245132.25,245626.25,494,245270.5,245374,103.5,250296,250790.25,494.25,250428.25,250532,103.75,247508.25,248002.5,494.25,247634.5,247739,104.5
245830.5,246325,494.5,245971,246071.75,100.75,251010.75,251505.25,494.5,251137.5,251240.25,102.75,248189.75,248701,511.25,248335.75,248440.5,104.75
246545.25,247039.75,494.5,246670.5,246774.25,103.75,251725.5,252220,494.5,251857.5,251961.5,104,248904.75,249399.25,494.5,249024.75,249128.5,103.75
247243.5,247738,494.5,247371.75,247474.5,102.75,252456.75,252951.25,494.5,252577,252680.25,103.25,249602.75,250097.25,494.5,249725.25,249829.75,104.5
247941.5,248436,494.5,248081,248184.75,103.75,253171.5,253665.5,494,253296.75,253401.25,104.5,250301,250795.5,494.5,250424.75,250528.5,103.75
248639.5,249134.25,494.75,248779.75,248883.5,103.75,253886.25,254380.75,494.5,254017.5,254121.25,103.75,250999.5,251493.5,494,251125.25,251229.75,104.5
249354.5,249849,494.5,249481,249585,104,254617.75,255112.25,494.5,254737.5,254841.25,103.75,251697.25,252191.75,494.5,251824.75,251928.5,103.75
250052.5,250547,494.5,250179.75,250283.5,103.75,255333,255827,494,255457.5,255561.5,104,252395.25,252889.75,494.5,252526,252629.75,103.75
250750.75,251245.25,494.5,250881.25,250985,103.75,256047.25,256541.75,494.5,256177.5,256280.25,102.75,253093.5,253588,494.5,253206,253309.75,103.75
251448.75,251943.25,494.5,251579,251683.5,104.5,256762,257256.5,494.5,256887,256990.75,103.75,253808.25,254302.75,494.5,253936,254040.5,104.5
252163.5,252658,494.5,252291.75,252395.5,103.75,257476.75,257970.75,494,257606.25,257710.75,104.5,254506.25,255000.5,494.25,254634.75,254739.25,104.5
252861.75,253356.25,494.5,252990.5,253094.25,103.75,258208.25,258702,493.75,258327,258430.75,103.75,255204.5,255699,494.5,255325.5,255429.75,104.25
253559.75,254053.75,494,253691,253795.5,104.5,258923,259417.5,494.5,259047,259150.75,103.75,255902.75,256397.25,494.5,256024.75,256128.5,103.75
254258,254752.5,494.5,254400.5,254505,104.5,259638.25,260132.25,494,259767,259870.75,103.75,256600.75,257095.25,494.5,256726,256829.75,103.75
254939.5,255433.5,494,255099.75,255203.5,103.75,260369.25,260863.25,494,260487,260589.75,102.75,257299,257793.5,494.5,257424.75,257528.5,103.75
255671,256165.5,494.5,255800.5,255905,104.5,261083.75,261578.25,494.5,261206.25,261310.75,104.5,257997,258491.5,494.5,258125.5,258230,104.5
256369,256863,494,256499.75,256600,100.25,261798.5,262293,494.5,261927,262030.75,103.75,258695.25,259189.75,494.5,258816.75,258920.5,103.75
257067.25,257561.75,494.5,257201.25,257304,102.75,262530,263024.5,494.5,262647,262750.75,103.75,259393.25,259887.75,494.5,259514.75,259619.25,104.5
257765.25,258259.75,494.5,257899.25,258003.5,104.25,263228,263722.5,494.5,263358.25,263462.75,104.5,260108,260602.75,494.75,260234.75,260339.25,104.5
258480.25,258974.5,494.25,258601.25,258701.25,100,263959.5,264454,494.5,264087,264190.75,103.75,260806.25,261300.75,494.5,260936.75,261040.5,103.75
259178.25,259672.25,494,259310.5,259413.25,102.75,264657.75,265152,494.25,264788.5,264892,103.5,261504.5,261999,494.5,261624.75,261728.5,103.75
259876.25,260371,494.75,260011.75,260114.5,102.75,265372.5,265866.75,494.25,265497,265601.5,104.5,262202.5,262696.75,494.25,262326.25,262429.75,103.5
260574.5,261069,494.5,260710.5,260814.25,103.75,266087.25,266581.5,494.25,266228.25,266332,103.75,262900.75,263395.25,494.5,263024.25,263128.5,104.25
261289.25,261783.75,494.5,261411.25,261515.5,104.25,266818.5,267313,494.5,266937.75,267041.5,103.75,263598.75,264093.25,494.5,263725.5,263830,104.5
261987.25,262481.25,494,262121.25,262225,103.75,267533.25,268027.75,494.5,267657,267761.5,104.5,264297.5,264791.5,494,264424.75,264528.5,103.75
262685.5,263180,494.5,262819.25,262920,100.75,268248,268742,494,268377.75,268481.5,103.75,264995,265489.5,494.5,265118.25,265222,103.75
263383.75,263861.5,477.75,263521.25,263625,103.75,268946.25,269440.75,494.5,269086.25,269189.75,103.5,265693.25,266187.75,494.5,265816.75,265920.5,103.75
264081.75,264576.25,494.5,264219.25,264322.75,103.5,269661,270155.5,494.5,269787.75,269892.25,104.5,266391.25,266886,494.75,266514.75,266619.25,104.5
264780,265274.5,494.5,264931.25,265035.75,104.5,270375.75,270870.25,494.5,270519,270621.75,102.75,267106,267600.75,494.75,267235.5,267339.25,103.75
265478,265972.75,494.75,265629.75,265734.25,104.5,271090.5,271584.75,494.25,271217.75,271321.5,103.75,267804.25,268298.75,494.5,267926.25,268030,103.75
266192.75,266687.5,494.75,266332,266435.75,103.75,271821.75,272315.75,494,271937.75,272041.5,103.75,268502.5,268997,494.5,268616,268720.5,104.5
266907.5,267402.25,494.75,267030.5,267133.25,102.75,272520,273014.5,494.5,272647,272751,104,269200.5,269695,494.5,269325.5,269430,104.5
267605.75,268099.5,493.75,267739.25,267843.75,104.5,273251.75,273745.75,494,273367,273469.75,102.75,269898.75,270393,494.25,270024.25,270128.75,104.5
268304,268798.5,494.5,268441.25,268545,103.75,273966.25,274460.5,494.25,274086.5,274190.75,104.25,270596.75,271091.25,494.5,270725.5,270830,104.5
269002,269496.5,494.5,269140,269243.75,103.75,274681,275175.5,494.5,274807,274910.75,103.75,271295,271789.5,494.5,271416.25,271520.75,104.5
269716.75,270211.25,494.5,269841.25,269945,103.75,275395.75,275890.25,494.5,275527,275629.75,102.75,271993.75,272487.75,494,272115.5,272219.25,103.75
270415,270908.75,493.75,270539.25,270643.75,104.5,276110.5,276605,494.5,276238.25,276342.75,104.5,272707.75,273202.5,494.75,272835.5,272939.25,103.75
271113,271607.5,494.5,271252,271352,100,276841.75,277336.25,494.5,276959,277059.25,100.25,273406,273900.5,494.5,273536.75,273640.75,104
271811.25,272305.75,494.5,271950.5,272053.25,102.75,277540,278034.5,494.5,277668.5,277771.25,102.75,274104.25,274598,493.75,274224.25,274328.5,104.25
272526,273020.5,494.5,272652,272755.75,103.75,278271.25,278765.75,494.5,278387.75,278492.25,104.5,274802.25,275296.75,494.5,274926.25,275030,103.75
273224,273718.75,494.75,273350.75,273454.25,103.5,278969.5,279464,494.5,279097.75,279201.5,103.75,275500.5,275995,494.5,275624.25,275728.75,104.5
273922.25,274416.75,494.5,274052,274155.75,103.75,279700.75,280195.25,494.5,279817.75,279920.5,102.75,276199,276693,494,276325.5,276430,104.5
274620.25,275115,494.75,274761.25,274865,103.75,280416.25,280910,493.75,280537.75,280641.5,103.75,276896.75,277391.25,494.5,277024.25,277128.75,104.5
275335.25,275829.75,494.5,275460,275562.75,102.75,281130.25,281624.75,494.5,281257.75,281361.5,103.75,277594.75,278089.25,494.5,277720.75,277824.75,104
276033.25,276527.25,494,276161.25,276265,103.75,281861.75,282356.25,494.5,281988.5,282092.25,103.75,278293,278787.5,494.5,278417,278520.75,103.75
276731.5,277226,494.5,276860,276963.75,103.75,282576.5,283071,494.5,282697.75,282801.5,103.75,278991,279485.75,494.75,279115,279219.25,104.25
277429.5,277924,494.5,277572,277675.75,103.75,283291.25,283785.75,494.5,283417.75,283521.5,103.75,279706,280200.5,494.5,279835.5,279939.25,103.75
278144.5,278638.75,494.25,278270,278374.5,104.5,284006,284500.5,494.5,284137,284241.5,104.5,280404,280898.5,494.5,280526.25,280630,103.75
278842.5,279336.5,494,278972,279072.75,100.75,284720.75,285215.25,494.5,284846.5,284951,104.5,281102.25,281596.75,494.5,281224.25,281328.75,104.5
279540.5,280035.25,494.75,279670.75,279774.5,103.75,285419.25,285913.5,494.25,285559.25,285662,102.75,281800.25,282294.25,494,281926.25,282030,103.75
280238.75,280733.25,494.5,280371.25,280475.75,104.5,286133.75,286628.25,494.5,286268.5,286372.25,103.75,282498.5,282993,494.5,282624.25,282728.75,104.5
280936.75,281430.75,494,281080.5,281185,104.5,286848.5,287343,494.5,286967.25,287071,103.75,283196.5,283691,494.5,283326.25,283430,103.75
281651.5,282145.5,494,282131.25,282232.25,101,287546.5,288041,494.5,288028.5,288132.25,103.75,283895,284389.25,494.25,284366.25,284470,103.75
282449.5,282944,494.5,282931.25,283035.75,104.5,288377.75,288872.25,494.5,288857.75,288960.5,102.75,284709.25,285203.5,494.25,285185,285288.75,103.75
283247.25,283742,494.75,283731.25,283835.75,104.5,289192.25,289686.25,494,289668.5,289771.25,102.75,285507,286001.5,494.5,285985,286088.75,103.75
284045.25,284539.75,494.5,284532,284635.75,103.75,290006.75,290501.25,494.5,290487.25,290591,103.75,286305,286799.25,494.25,286776.25,286880.75,104.5
284859.75,285354.25,494.5,285340,285443.75,103.75,290821.25,291315.75,494.5,291297.75,291398.75,101,287102.75,287597.25,494.5,287577,287680.75,103.75
285657.5,286152,494.5,286139.25,286242.75,103.5,291635.75,292130.25,494.5,292118.5,292223,104.5,287900.75,288395,494.25,288377,288480.75,103.75
286455.5,286950,494.5,286940,287043.75,103.75,292450.25,292944.75,494.5,292938,293041.75,103.75,288698.5,289193,494.5,289177,289280.75,103.75
287270,287764.5,494.5,287739.5,287843.75,104.25,293281.25,293775.75,494.5,293759.25,293863,103.75,289496.5,289990.5,494,289977,290080.75,103.75
288067.75,288562.5,494.75,288550.75,288654.5,103.75,294096.25,294590.25,494,294578,294681.75,103.75,290294.25,290788.75,494.5,290765.75,290870,104.25
288866,289360.25,494.25,289350.75,289453.5,102.75,294910.25,295404.75,494.5,295399.25,295503,103.75,291109.25,291603.25,494,291585,291688.75,103.75
289663.5,290158.25,494.75,290150.75,290254.5,103.75,295741.5,296236,494.5,296207.25,296311,103.75,291906.75,292401.25,494.5,292366.25,292470,103.75
290478,290972.75,494.75,290950.75,291053.5,102.75,296539.25,297033.5,494.25,297017.25,297120.75,103.5,292704.75,293199,494.25,293176.25,293280.75,104.5
291276,291770,494,291761.5,291865.25,103.75,297353.75,297848.25,494.5,297828,297932.5,104.5,293502.5,293997,494.5,293976.25,294080.75,104.5
292073.75,292568.5,494.75,292561.5,292664.25,102.75,298168.25,298662.75,494.5,298646.75,298751,104.25,294300.5,294794.75,494.25,294777,294880.75,103.75
292871.75,293366.25,494.5,293361.5,293465.25,103.75,298966.25,299460.75,494.5,299458,299560.75,102.75,295098.25,295592.75,494.5,295577,295680.75,103.75
293686.25,294180.75,494.5,294161.5,294265.25,103.75,299797.25,300291.75,494.5,300268,300372.5,104.5,295896.25,296390.5,494.25,296366.5,296470.25,103.75
294484.25,294978.75,494.5,294961.5,295065.25,103.75,300611.75,301106.25,494.5,301086.75,301194.25,107.5,296710.5,297205,494.5,297185,297288.75,103.75
295282,295776.5,494.5,295761.5,295865.25,103.75,301426.25,301920.75,494.5,301908.5,302012.25,103.75,297508.5,298003,494.5,297984.25,298088.75,104.5
296079.75,296574.5,494.75,296572.25,296675.75,103.5,302240.75,302735.25,494.5,302727.25,302831,103.75,298306.25,298800.75,494.5,298776.25,298880.75,104.5
296894.25,297388.25,494,297372.25,297476,103.75,303072,303566.5,494.5,303548.5,303652.5,104,299104.25,299598.75,494.5,299577,299679.75,102.75
297692.25,298186.75,494.5,298171.5,298276,104.5,303886.5,304380.75,494.25,304367.25,304471,103.75,299902,300396.5,494.5,300377,300480.75,103.75
298490,298984.75,494.75,298972.25,299076,103.75,304701,305195.25,494.25,305178,305281.75,103.75,300700,301194.5,494.5,301176.5,301280.75,104.25
299288,299782.5,494.5,299779.5,299884,104.5,305515.5,306009.75,494.25,305999.25,306102,102.75,301497.75,301992.25,494.5,301977,302080.75,103.75
300102.75,300597,494.25,300579.5,300684,104.5,306330,306824,494,306807.25,306911,103.75,302295.75,302790.25,494.5,302765.75,302870.25,104.5
300900.25,301395,494.75,301379.5,301484,104.5,307144.5,307638.75,494.25,307628,307732.5,104.5,303110.25,303604.75,494.5,303585,303689,104
301698.25,302192.75,494.5,302179.5,302284,104.5,307958.75,308453.25,494.5,308428,308532.5,104.5,303908,304402.25,494.25,304385,304488.75,103.75
302512.75,303006.75,494,302990.75,303094.75,104,308756.75,309251.25,494.5,309247.25,309351,103.75,304706,305200.5,494.5,305177,305281,104
303310.5,303805.25,494.75,303790.75,303894.5,103.75,309587.75,310082.25,494.5,310068,310172.5,104.5,305503.75,305998.25,494.5,305977,306079.75,102.75
304108.5,304603,494.5,304590.75,304691,100.25,310386.25,310880.25,494,310868,310972.5,104.5,306301.75,306796.25,494.5,306777,306880,103
304906.25,305401,494.75,305390.75,305494.75,104,311200.25,311694.75,494.5,311686.75,311791.25,104.5,307099.5,307594,494.5,307577,307680.75,103.75
305721,306215.5,494.5,306190.75,306291,100.25,312031.25,312525.75,494.5,312498,312601.75,103.75,307897.5,308392,494.5,308377,308480,103
306518.75,307013.25,494.5,307001.5,307105.25,103.75,312845.75,313340.25,494.5,313327.5,313431.25,103.75,308695.25,309189.75,494.5,309177.25,309281,103.75
307316.5,307811.25,494.75,307801.5,307904.25,102.75,313660.75,314154.75,494,314148.75,314252.5,103.75,309509.75,310004.25,494.5,309985.25,310089,103.75
308114.5,308609,494.5,308601.5,308705.25,103.75,314492,314986,494,314959.25,315063.25,104,310307.75,310802.25,494.5,310785.25,310889,103.75
308929,309423.5,494.5,309411.5,309516,104.5,315289.25,315783.75,494.5,315767.5,315871.25,103.75,311105.5,311600,494.5,311577.25,311680.75,103.5
309726.75,310221.25,494.5,310211.5,310316,104.5,316104.5,316598.25,493.75,316588,316692.5,104.5,311903.5,312398,494.5,312377.25,312481,103.75
310524.75,311019.25,494.5,311011.5,311116,104.5,316918.25,317412.75,494.5,317388.75,317492.5,103.75,312701.25,313195.25,494,313177.25,313281,103.75
311339.5,311833.75,494.25,311811.5,311916,104.5,317716.5,318210.75,494.25,318207.5,318307.5,100,313499.25,313993.75,494.5,313977.25,314081,103.75
312137,312631.5,494.5,312619.5,312721.25,101.75,318547.75,319041.75,494,319028,319132.5,104.5,314297,314791.5,494.5,314777.25,314877.25,100
312935,313429.5,494.5,313419.5,313524,104.5,319361.75,319856.25,494.5,319847.5,319951.25,103.75,315111.5,315606,494.5,315585.25,315689,103.75
313732.75,314227.25,494.5,314220.25,314324,103.75,320176.25,320670.75,494.5,320668.75,320772.5,103.75,315909.5,316404,494.5,316385.25,316489,103.75
314547.25,315041.75,494.5,315019.5,315124,104.5,321007.5,321502,494.5,321486.75,321591.25,104.5,316707.25,317201.5,494.25,317185.25,317289,103.75
315345.75,315839.75,494,315830.25,315934.75,104.5,321822,322316.5,494.5,322286.75,322391.25,104.5,317505.25,317999.75,494.5,317979.75,318083.5,103.75
316143,316637.5,494.5,316631,316731,100,322636.5,323131,494.5,323108.75,323212.5,103.75,318303,318797.5,494.5,318777.25,318880,102.75
316941,317435.5,494.5,317431,317534.75,103.75,323434.25,323928.75,494.5,323926.75,324031.25,104.5,319101,319595.5,494.5,319577.25,319680,102.75
317755.5,318250,494.5,318231,318331,100,324248.75,324743.25,494.5,324738.25,324841.75,103.5,319898.75,320393.25,494.5,320377.25,320481,103.75
318553.25,319047.75,494.5,319031,319134.75,103.75,325080,325574.5,494.5,325558.75,325663.25,104.5,320696.75,321191.25,494.5,321177.25,321281,103.75
319351.5,319845.75,494.25,319831,319931,100,325894.5,326389,494.5,326378.25,326482,103.75,321511.25,322005.75,494.5,321985.25,322088,102.75
320149,320643.5,494.5,320641.75,320744.5,102.75,326709.25,327203.5,494.25,327199.5,327302.25,102.75,322309,322803.5,494.5,322785.25,322888,102.75
320963.5,321458,494.5,321441,321544.5,103.5,327540.25,328034.5,494.25,328018.25,328122,103.75,323107,323601.5,494.5,323585.25,323689,103.75
321761.5,322255.5,494,322241.75,322341.75,100,328354.5,328849,494.5,328839.5,328943.25,103.75,323904.75,324399.25,494.5,324377.25,324481,103.75
322559.25,323053.75,494.5,323041.75,323141.75,100,329169,329663.5,494.5,329658.25,329762,103.75,324702.75,325197.25,494.5,325177.25,325281,103.75
323357.25,323851.75,494.5,323841.75,323945.5,103.75,330000.25,330494.5,494.25,330479.5,330583.25,103.75,325500.5,325995,494.5,325977.25,326081,103.75
324171.75,324666.25,494.5,324652.25,324756.25,104,330814.5,331308.5,494,331298.25,331401.75,103.5,326298.5,326793,494.5,326777.25,326881,103.75
324969.75,325464,494.25,325451.5,325555,103.5,331629,332123.5,494.5,332118.75,332223.25,104.5,327096.25,327590.75,494.5,327566,327670.5,104.5
325767.25,326262,494.75,326251.5,326356,104.5,332460.25,332954.75,494.5,332938.25,333042,103.75,327910.75,328405.25,494.5,328385.25,328488,102.75
326565.25,327059.75,494.5,327052.25,327156.25,104,333274.75,333769.25,494.5,333758.75,333863.25,104.5,328709.25,329203.25,494,329185.25,329288,102.75
327379.75,327874.25,494.5,327860.25,327964.25,104,334089.25,334583.75,494.5,334578.25,334682,103.75,329506.5,330001,494.5,329980,330083.75,103.75
328177.5,328672.25,494.75,328659.75,328764.25,104.5,334920.25,335414.75,494.5,335398.75,335503.25,104.5,330304.5,330799,494.5,330777.25,330881,103.75
328975.75,329470,494.25,329459.75,329564.25,104.5,335734.75,336229.25,494.5,336217.5,336322,104.5,331102.25,331596.75,494.5,331577.25,331681,103.75
329790.5,330284.5,494,330259.75,330364.25,104.5,336549.25,337043.75,494.5,337039,337142.25,103.25,331900.25,332394.5,494.25,332377.25,332477.5,100.25
330587.75,331082.25,494.5,331060.5,331164.25,103.75,337380.5,337875,494.5,337858.25,337962,103.75,332698,333192.5,494.5,333177.25,333277.5,100.25
331385.75,331880.25,494.5,331870.5,331974.75,104.25,338195,338689.5,494.5,338679.5,338779.75,100.25,333496.5,333990.25,493.75,333969.25,334072,102.75
332183.5,332678.25,494.75,332670.25,332774.75,104.5,339009.5,339504,494.5,339498.25,339602,103.75,334310.5,334804.75,494.25,334785.25,334888,102.75
332981.5,333476,494.5,333471,333574.75,103.75,339840.5,340335,494.5,340319,340423.25,104.25,335108.25,335602.75,494.5,335585.25,335689,103.75
333796,334290.5,494.5,334271,334374.75,103.75,340655,341149.5,494.5,341138.25,341242,103.75,335906.25,336400.5,494.25,336377.25,336481,103.75
334593.75,335088.5,494.75,335081,335184.5,103.5,341469.5,341963.5,494,341958.75,342063.5,104.75,336704,337198.5,494.5,337177.25,337281,103.75
335391.75,335886.25,494.5,335881.75,335984.5,102.75,342300.75,342795.25,494.5,342778.25,342878.5,100.25,337502,337996.25,494.25,337977.25,338081,103.75
336206.25,336700.75,494.5,336681.75,336782,100.25,343115.25,343609.75,494.5,343599,343703.25,104.25,338299.75,338794.25,494.5,338777.25,338880.25,103
337004,337498.75,494.75,337481.75,337582,100.25,343929.75,344424.25,494.5,344417.5,344522,104.5,339098.25,339592,493.75,339577.25,339680.25,103
337802,338296.5,494.5,338281.75,338382,100.25,344760.75,345255.25,494.5,345239.75,345342.5,102.75,339912.25,340406.5,494.25,340385.25,340488.25,103
338599.75,339094.5,494.75,339081.75,339184.5,102.75,345575.25,346069.75,494.5,346058.25,346162,103.75,340694,341187.75,493.75,341166,341270.5,104.5
339397.75,339892.25,494.5,339881,339985.5,104.5,346389.75,346884.25,494.5,346868.25,346972.75,104.5,341508,342002.25,494.25,341985.5,342088.25,102.75
340212.25,340706.75,494.5,340692.5,340796.25,103.75,347204.5,347698.75,494.25,347687,347790.5,103.5,342305.75,342800.25,494.5,342777.5,342880.25,102.75
341010,341504,494,341491.75,341596.25,104.5,348018.75,348513.25,494.5,348508.25,348612.75,104.5,343104,343598,494,343577.5,343681.25,103.75
341808,342302.5,494.5,342291.75,342396.25,104.5,348850,349344.5,494.5,349327,349431.5,104.5,343901.5,344396,494.5,344377.5,344481.25,103.75
342606.25,343100.5,494.25,343091.75,343196.25,104.5,349664.5,350158.75,494.25,350149,350252.75,103.75,344699.75,345193.75,494,345177.5,345280.25,102.75
343420.25,343915,494.75,343891.75,343996.25,104.5,350478.75,350973,494.25,350967,351071.5,104.5,345497.25,345991.75,494.5,345977.5,346080.25,102.75
344218.25,344712.75,494.5,344700.5,344803.25,102.75,351310,351804,494,351789,351892.75,103.75,346311.75,346806.25,494.5,346785.5,346889.25,103.75
345016,345510.75,494.75,345500.5,345604.25,103.75,352124.5,352619,494.5,352607,352711.5,104.5,347109.5,347603.75,494.25,347585.5,347689.25,103.75
345814,346308.5,494.5,346300.5,346404.25,103.75,352939,353433.5,494.5,353429,353532.75,103.75,347907.5,348402,494.5,348385.5,348488.25,102.75
346628.5,347123,494.5,347110.5,347215,104.5,353770,354264.5,494.5,354247.75,354351.5,103.75,348705.25,349199.25,494,349177.5,349281.25,103.75
347426.5,347921,494.5,347910.5,348015,104.5,354584.5,355078.75,494.25,355069,355172.75,103.75,349503.25,349997.75,494.5,349977.5,350080.25,102.75
348224.25,348718.5,494.25,348710.5,348815,104.5,355399,355893.5,494.5,355887.75,355991.5,103.75,350301,350795.5,494.5,350777.5,350881.25,103.75
349022,349516.75,494.75,349510.5,349615,104.5,356230.25,356724.75,494.5,356708.25,356812.75,104.5,351099,351593.5,494.5,351577.5,351681.25,103.75
349836.5,350331.25,494.75,350321.75,350425.75,104,357044.75,357539.25,494.5,357527,357631.5,104.5,351896.75,352391.25,494.5,352356.25,352456.25,100
350634.5,351129,494.5,351121.75,351224.75,103,357859.25,358353.75,494.5,358338.5,358441.25,102.75,352711.25,353205.75,494.5,353184.75,353288.25,103.5
351432.5,351927,494.5,351921.75,352024.75,103,358673.75,359168.25,494.5,359148.25,359252.75,104.5,353509.25,354003.25,494,353985.5,354089.25,103.75
352246.75,352741.5,494.75,352721.25,352822,100.75,359488.75,359982.75,494,359959.75,360063.5,103.75,354307,354801.5,494.5,354785.5,354889.25,103.75
353044.75,353539.25,494.5,353521.75,353622,100.25,360286,360780.5,494.5,360767,360871.5,104.5,355105,355598.75,493.75,355585.5,355689.25,103.75
353842.5,354337.25,494.75,354322,354422,100,361100.75,361595,494.25,361578.5,361678.5,100,355902.75,356397.25,494.5,356376.75,356481.25,104.5
354640.5,355135,494.5,355132.5,355236.25,103.75,361915,362409.5,494.5,362389,362493,104,356700.75,357195.25,494.5,357176.75,357281.25,104.5
355455,355949.5,494.5,355932.5,356033.5,101,362729.5,363224,494.5,363207.75,363311.5,103.75,357498.5,357993,494.5,357977.5,358081.25,103.75
356253.25,356747.5,494.25,356732.5,356836.25,103.75,363544,364038.25,494.25,364029,364133,104,358296.5,358791,494.5,358774.75,358878.5,103.75
357050.75,357545.25,494.5,357532.5,357635.5,103,364358.5,364853,494.5,364839.75,364943.5,103.75,359111,359605.5,494.5,359585.5,359689.25,103.75
357848.5,358343,494.5,358340.5,358444.5,104,365173,365667.5,494.5,365658.5,365762.25,103.75,359908.75,360403.25,494.5,360385.5,360489.25,103.75
358663,359157.5,494.5,359140.5,359244.5,104,365987.75,366482,494.25,366469,366569.25,100.25,360706.75,361201.25,494.5,361185.5,361289.25,103.75
359461,359955.5,494.5,359940.5,360044.5,104,366802,367296.5,494.5,367287.75,367390.5,102.75,361504.5,361998.75,494.25,361977.5,362081.25,103.75
360259.25,360753.25,494,360740.75,360843.5,102.75,367616.5,368111,494.5,368108.5,368213,104.5,362302.5,362797,494.5,362777.5,362881.25,103.75
361056.75,361551.25,494.5,361540.75,361644.5,103.75,368431,368925.25,494.25,368919.75,369023.5,103.75,363100.25,363578.25,478,363576.75,363681.25,104.5
