2824,3334,510,3348.75,3447,98.25,2816.5,3310,493.5,3292,3388,96,2106.5,2600.75,494.25,2678.5,2778.25,99.75
3725.75,4219.25,493.5,4231.25,4329.5,98.25,3685,4195.25,510.25,4162.75,4258.5,95.75,3058.25,3552.5,494.25,3676.75,3758.5,81.75
4610.75,5104.5,493.75,5113.5,5212.5,99,4553.5,5063.75,510.25,5033.25,5130.5,97.25,4043.75,4538.25,494.5,4660.75,4742.5,81.75
5480,5989.75,509.75,5995.75,6094.75,99,5438.25,5932.25,494,5904,5999,95,5028.75,5523.5,494.75,5650.5,5732.75,82.25
6365.25,6858.25,493,6878,6977.25,99.25,6307.5,6800.75,493.25,6774.75,6870.75,96,6015,6509,494,6638,6722.5,84.5
7250.25,7743.5,493.25,7760.5,7860,99.5,7176,7669.25,493.25,7645.5,7740.5,95,7000.25,7494.5,494.25,7629.75,7712.25,82.5
8135.25,8628.75,493.5,8642.75,8741.75,99,8044.25,8538,493.75,8516.25,8607.75,91.5,8002.25,8496.5,494.25,8608,8689.75,81.75
9020.5,9513.75,493.25,9525.25,9624.25,99,8912.5,9423,510.5,9387,9483,96,8970.75,9465,494.25,9590,9671.5,81.5
9905.75,10399,493.25,10407.5,10506.5,99,9781.25,10291.5,510.25,10257.75,10350.25,92.5,9955.5,10450.75,495.25,10573.5,10657.75,84.25
10774,11284.25,510.25,11289.75,11389,99.25,10649.5,11160,510.5,11128.5,11225.5,97,10942,11436.25,494.25,11561,11642.25,81.25
11659.75,12152.75,493,12172,12271.25,99.25,11518.5,12028.5,510,11999.25,12092.75,93.5,11927.5,12421.75,494.25,12547.25,12632,84.75
12545,13054.75,509.75,13054.5,13152.75,98.25,12403.75,12897,493.25,12870,12961.25,91.25,12912.5,13407,494.5,13527.75,13610,82.25
13430.25,13923.25,493,13936.75,14035.75,99,13272,13765.75,493.75,13740.75,13835.5,94.75,13897.25,14392.5,495.25,14514.25,14599.75,85.5
14315.25,14808.5,493.25,14819.25,14918.25,99,14140.5,14634.25,493.75,14610.5,14702.75,92.25,14883.75,15361.25,477.5,15502,15586.5,84.5
15200.25,15693.75,493.5,15701.5,15800.5,99,15009,15502.5,493.5,15482,15578.25,96.25,15868.75,16363.25,494.5,16487,16570.5,83.5
16085.5,16578.75,493.25,16583.75,16683,99.25,15877.25,16388,510.75,16352,16446.5,94.5,16854.25,17348.5,494.25,17461.25,17545.75,84.5
16953.75,17464,510.25,17466.25,17565.75,99.5,16746.5,17256.5,510,17223.5,17320.75,97.25,17821.75,18317.5,495.75,18444.5,18526.75,82.25
17856.5,18349.25,492.75,18371.75,18470.75,99,17614.75,18108.25,493.5,18094.25,18190.25,96,18808.75,19303,494.25,19423,19507.25,84.25
18741.75,19234.5,492.75,19254,19353.5,99.5,18499.75,18993.5,493.75,18965,19061,96,19793.75,20288.25,494.5,20402.25,20486,83.75
19626.5,20119.75,493.25,20136.5,20235.5,99,19368.25,19862,493.75,19835.75,19927.25,91.5,20762.5,21257,494.5,21380.5,21463.75,83.25
20511.75,21005,493.25,21018.75,21118,99.25,20236.5,20730.5,494,20706.5,20798,91.5,21746.75,22242.5,495.75,22367.25,22450.75,83.5
21397,21890.25,493.25,21901,22000.25,99.25,21105.75,21599,493.25,21577.25,21673.25,96,22733.75,23228.25,494.5,23346.5,23429,82.5
22281.75,22775.5,493.75,22783.5,22882.75,99.25,21974,22467.5,493.5,22448,22539.25,91.25,23718.75,24213.25,494.5,24322.25,24407,84.75
23167.75,23660.75,493,23665.75,23764.25,98.5,22842.25,23352.75,510.5,23318.75,23409,90.25,24687,25182.25,495.25,25309.75,25389.75,80
24036.25,24546,509.75,24548.25,24646.5,98.25,23710.75,24221.25,510.5,24189.5,24285.5,96,25672.25,26167.5,495.25,26291.5,26375,83.5
24921.25,25414.5,493.25,25430.5,25529.5,99,24579,25089.75,510.75,25060.25,25155,94.75,26658.75,27153.25,494.5,27270.75,27353,82.25
25806.25,26299.75,493.5,26312.75,26411.75,99,25465,25958.25,493.25,25930.75,26026.75,96,27627.25,28138.25,511,28253.25,28338.5,85.25
26691.5,27184.75,493.25,27195.25,27294.25,99,26333.25,26827,493.75,26801.75,26896.25,94.5,28629,29107.25,478.25,29234.5,29317.5,83
27576.25,28070,493.75,28077.5,28175.75,98.25,27201.5,27695.5,494,27672.25,27767.25,95,29598.75,30092.75,494,30219.75,30302,82.25
28445.25,28955.25,510,28959.75,29059.25,99.5,28070.25,28580.5,510.25,28543,28640.25,97.25,30583.75,31078,494.25,31203.25,31285.75,82.5
29347.5,29840.5,493,29865.25,29963.75,98.5,28938.25,29449,510.75,29413.75,29508.75,95,31569,32063.5,494.5,32177.5,32260.75,83.25
30232.75,30742.5,509.75,30747.75,30847,99.25,29807.5,30301,493.5,30284.5,30381.75,97.25,32536.75,33032.25,495.5,33154.5,33238.5,84
31118,31627.75,509.75,31630,31728.5,98.5,30676.25,31186.25,510,31155.25,31242.25,87,33523.75,34017.75,494,34135.75,34220.25,84.5
32002.75,32496.25,493.5,32512.25,32610.75,98.5,31561,32054.75,493.75,32026,32122,96,34508.5,35003,494.5,35116,35197.75,81.75
32888.25,33381.25,493,33394.75,33493,98.25,32429.5,32923.25,493.75,32896.75,32991.5,94.75,35477,35971.75,494.75,36103.5,36188,84.5
33773,34266.5,493.5,34277,34376,99,33298,33791.5,493.5,33767.5,33863.5,96,36461.5,36957.25,495.75,37085.75,37168.5,82.75
34658.5,35151.75,493.25,35159.5,35258.5,99,34166,34660.25,494.25,34626.5,34713.5,87,37448.25,37926,477.75,38066.75,38149.5,82.75
35527.25,36020.25,493,36041.75,36140.75,99,35035.25,35528.75,493.5,35497.25,35593.25,96,38433.5,38928,494.5,39057.5,39139.75,82.25
36412.75,36922.25,509.5,36924,37023.25,99.25,35904,36397.25,493.25,36368,36461.75,93.75,39418.25,39913.5,495.25,40042,40126.75,84.75
37297.75,37791,493.25,37806.5,37904.75,98.25,36772.5,37265.75,493.25,37238.75,37334.75,96,40405,40899.25,494.25,41025.25,41107.75,82.5
38182.5,38676,493.5,38688.75,38787.75,99,37640.75,38134.25,493.5,38109.5,38202,92.5,41390,41884.25,494.25,42010,42093.25,83.25
39067.75,39561.25,493.5,39594.25,39693.75,99.5,39377.25,39871.25,494,39851,39944.5,93.5,42374.75,42869.75,495,43000,43081.25,81.25
39969.5,40463,493.5,40476.75,40575.75,99,40246.5,40756.5,510,40721.75,40810.75,89,43361.25,43855.25,494,43980,44062.25,82.25
40854.75,41348.5,493.75,41359,41457.25,98.25,41114.75,41608.5,493.75,41592.5,41687,94.5,44346.5,44840.75,494.25,44958,45040.5,82.5
41740.75,42233.5,492.75,42241.25,42339.75,98.5,41983.25,42493.5,510.25,42463.25,42556.75,93.5,45331.75,45826.25,494.5,45940,46024.25,84.25
42626,43118.75,492.75,43123.75,43223,99.25,42868.25,43362,493.75,43334,43430,96,46299.75,46795,495.25,46930.5,47014.25,83.75
43494.25,44004,509.75,44006,44105.25,99.25,43736.75,44230.5,493.75,44203.75,44296,92.25,47286,47797.25,511.25,47915.75,47998,82.25
44379,44872.5,493.5,44888.25,44987.5,99.25,44605.75,45099,493.25,45075.25,45171.25,96,48271.25,48765.75,494.5,48897.5,48982,84.5
45264.5,45757.75,493.25,45770.75,45869.75,99,46342.75,46853,510.25,46816.75,46908.25,91.5,49272,49768,496,49881.25,49966,84.75
46149.25,46643,493.75,46653,46751.25,98.25,47211,47704.75,493.75,47687.5,47784.75,97.25,50242.5,50736.75,494.25,50864.25,50950,85.75
47035.25,47528.25,493,47535.5,47634.5,99,48079.5,48573,493.5,48558.25,48652,93.75,51227.5,51738.5,511,51855,51939,84
47903.75,48413.5,509.75,48417.75,48516,98.25,48964.25,49458.5,494.25,49429,49522.75,93.75,52229.25,52724.25,495,52835.5,52917.75,82.25
48788.75,49298.75,510,49300,49399,99,49833.5,50327,493.5,50299.75,50396.75,97,53199,53693,494,53821,53904.25,83.25
49690.5,50184,493.5,50205.75,50304.5,98.75,50702,51195.5,493.5,51170.5,51266.5,96,54184.25,54678.25,494,54799,54882.75,83.75
50575.75,51069,493.25,51088,51187,99,51570.25,52064,493.75,52029.5,52125.5,96,55152.5,55663.75,511.25,55779,55863.5,84.5
51460.75,51954.25,493.5,51970.25,52069.5,99.25,52422.25,52932.25,510,52900.25,52985,84.75,56137.75,56632.75,495,56766.25,56847.75,81.5
52346.5,52839.5,493,52852.5,52951,98.5,53290.25,53801,510.75,53771,53868,97,57123.75,57618,494.25,57752,57836,84
53232,53724.75,492.75,53735,53833.25,98.25,54159.5,54652.75,493.25,54630,54726.25,96.25,58125.5,58603.25,477.75,58728,58812.5,84.5
54117,54610,493,54617.25,54716.5,99.25,55028,55538.25,510.25,55500,55592.25,92.25,59094,59589,495,59702,59787,85
54985.25,55495.25,510,55499.75,55598,98.25,55896.25,56406.5,510.25,56371.75,56467.5,95.75,60063.25,60557.5,494.25,60693.75,60777.25,83.5
55870.5,56363.75,493.25,56382,56481.25,99.25,56764.5,57275,510.5,57242.25,57339.5,97.25,61065.5,61559.75,494.25,61683,61764.25,81.25
56755.5,57249,493.5,57264.25,57363.25,99,57633,58126.75,493.75,58101.5,58197.5,96,62050.5,62545,494.5,62669.5,62754,84.5
57641.25,58134.25,493,58146.5,58245,98.5,58502,58995.25,493.25,58972.25,59069.25,97,63035,63530.5,495.5,63650.75,63731.5,80.75
58526.25,59019.5,493.25,59029,59128,99,59370.5,59864,493.5,59843,59938.75,95.75,64005.25,64516,510.75,64634.5,64718.5,84
59411.25,59888,476.75,59911.25,60009.75,98.5,60238.75,60732.5,493.75,60713.5,60809.5,96,65007,65501.25,494.25,65618.75,65705.75,87
60279.75,60789.75,510,60793.75,60892,98.25,61107.25,61600.75,493.5,61584.25,61678,93.75,65992.5,66470.25,477.75,66610,66692.5,82.5
61164.75,61658.25,493.5,61676,61775,99,61975.75,62469.5,493.75,62455,62547.5,92.5,66976.75,67455.75,479,67593.25,67676.25,83
62050.75,62543.5,492.75,62558.25,62657.5,99.25,62860.75,63354.75,494,63325.75,63419.5,93.75,67963.75,68458,494.25,68579.75,68663.5,83.75
62935.75,63428.75,493,63440.75,63539.75,99,63730,64223.25,493.25,64196.5,64293.5,97,68948.75,69443,494.25,69563.75,69647.25,83.5
63820.5,64314,493.5,64323,64421.5,98.5,64598.25,65091.75,493.5,65067.25,65164.5,97.25,69934,70428.5,494.5,70543.75,70628.25,84.5
64705.75,65199.25,493.5,65205.5,65303.75,98.25,65466.5,65960.25,493.75,65938,66034,96,70903.25,71397.5,494.25,71528.75,71612.25,83.5
65574,66067.75,493.75,66087.75,66186.75,99,66335,66828.75,493.75,66808.75,66906,97.25,71905.25,72399.5,494.25,72517.25,72601.5,84.25
66459.5,66953,493.5,66970,67068.5,98.5,67203.25,67714,510.75,67678.5,67770.75,92.25,72873.5,73368,494.5,73501.25,73585.75,84.5
67345,67838.25,493.25,67852.5,67951.5,99,68072.5,68565.75,493.25,68550.25,68647.25,97,73858.75,74353.75,495,74481.75,74563.5,81.75
68230.25,68723.5,493.25,68734.75,68833,98.25,68941,69451,510,69420,69514.5,94.5,74844.75,75339,494.25,75501.25,75585.75,84.5
69115.25,69608.75,493.5,69617,69716.5,99.5,69809.25,70319.75,510.5,70291.5,70388.75,97.25,75863.5,76358,494.5,76485,76569.75,84.75
70000.5,70493.75,493.25,70499.5,70597.75,98.25,70694.5,71188,493.5,71162.5,71256,93.5,76848.75,77343.5,494.75,77467.75,77553,85.25
70868.75,71379,510.25,71381.75,71481,99.25,71563,72056.5,493.5,72033,72128,95,77833.25,78312.25,479,78448.25,78531.5,83.25
71754.5,72247.5,493,72264,72363,99,72431,72925,494,72892.25,72988.25,96,78820,79314.25,494.25,79434,79518.25,84.25
72640,73149.5,509.5,73169.5,73268,98.5,73282.75,73793.5,510.75,73763,73857.75,94.75,79805.5,80299.5,494,80423,80504.75,81.75
73541.5,74034.75,493.25,74052,74150.25,98.25,74168.75,74662.25,493.5,74633.75,74717,83.25,80774,81251.75,477.75,81407,81489.25,82.25
74426.5,74920,493.5,74934.25,75033.5,99.25,75037.25,75530.75,493.5,75504.5,75601.5,97,81774.75,82270.75,496,82391.5,82476,84.5
75312,75805,493,75816.75,75915.75,99,75905.5,76399.25,493.75,76375,76471.25,96.25,82762,83256,494,83375.5,83460,84.5
76196.75,76690.25,493.5,76699,76798,99,76774,77267.75,493.75,77246,77337.25,91.25,83746.75,84224.75,478,84358,84443.25,85.25
77082.75,77575.5,492.75,77604.5,77703,98.5,77642.5,78136.25,493.75,78116.75,78203.5,86.75,84731.75,85226.75,495,85344.25,85428,83.75
77984.5,78477.5,493,78487,78585.25,98.25,78510.5,79021.5,511,78987.25,79082.25,95,85700.25,86212.25,512,86322.5,86405.5,83
78869.75,79362.75,493,79369.25,79468.25,99,79379.75,79873.25,493.5,79858,79955.25,97.25,86686.5,87181,494.5,87307,87392.75,85.75
79738,80248,510,80251.5,80350.75,99.25,81133.5,81627,493.5,81599.5,81691,91.5,87672,88166.25,494.25,88283.5,88366.75,83.25
80623,81116.5,493.5,81134,81233,99,82002,82495.5,493.5,82470.25,82556,85.75,88656.75,89135.25,478.5,89268.5,89352,83.5
81508.25,82001.75,493.5,82016.25,82114.5,98.25,82870.25,83364,493.75,83341,83437,96,89625,90120.5,495.5,90242.75,90326.5,83.75
82393.5,82887,493.5,82898.75,82997,98.25,83738.75,84232.5,493.75,84211.75,84307.5,95.75,90595.25,91089.5,494.25,91224.5,91308,83.5
83279.25,83772.25,493,83781,83880.25,99.25,84607.5,85101,493.5,85070.75,85166.75,96,91580.25,92057.75,477.5,92205,92286.25,81.25
84147.75,84640.75,493,84663.25,84762.25,99,85475.5,85969.5,494,85941.5,86035.25,93.75,92565.75,93060.25,494.5,93179.25,93261.5,82.25
85032.75,85526,493.25,85545.5,85645,99.5,86344,86838,494,86812.25,86903.75,91.5,93533.5,94029,495.5,94157.25,94239.5,82.25
85918.25,86411.25,493,86428,86526.25,98.25,87213.25,87706.5,493.25,87683,87780.25,97.25,94520.25,95014.5,494.25,95133.25,95217.75,84.5
86803,87296.5,493.5,87310.25,87408.75,98.5,88081.75,88575,493.25,88553.75,88646.25,92.5,95488.5,95999.75,511.25,96108.25,96192.5,84.25
87688,88181.5,493.5,88192.75,88291.75,99,88950.25,89460.5,510.25,89424.5,89517,92.5,96474,96968.5,494.5,97084.75,97168,83.25
88573.5,89066.75,493.25,89075,89174,99,NA,NA,NA,NA,NA,NA,97458.75,97954,495.25,98067.5,98151.5,84
89458.25,89952,493.75,89957.25,90055.75,98.5,NA,NA,NA,NA,NA,NA,98427.5,98922.75,495.25,99043.75,99127.25,83.5
90327,90837.25,510.25,90839.75,90938.75,99,NA,NA,NA,NA,NA,NA,99414,99908.25,494.25,100034.75,100118.5,83.75
1205.25,1681.5,476.25,1162.75,1261.75,99,579,1072.5,493.5,559.5,657.75,98.25,237,715.25,478.25,187.25,287,99.75
1906.25,2400,493.75,1865.25,1964.75,99.5,1297.25,1790.75,493.5,1267.75,1366.75,99,904.75,1416.5,511.75,889.75,989.5,99.75
2607.25,3101.5,494.25,2567.5,2666.5,99,1998.25,2492,493.75,1976,2075.25,99.25,1639,2134.75,495.75,1592,1690.5,98.5
3310,3803,493,3270,3369.25,99.25,2699.5,3193.5,494,2684.25,2783,98.75,2325.25,2819.75,494.5,2294.5,2393.5,99
4011.5,4504.5,493,3972.25,4070.75,98.5,3418.5,3911.75,493.25,3380.75,3479.75,99,3027,3520.75,493.75,2996.75,3096.5,99.75
4712.75,5206,493.25,4680.5,4779.5,99,4120.25,4613.5,493.25,4089,4188,99,3728,4222.5,494.5,3699.25,3799,99.75
5414,5907.5,493.5,5382.75,5481.25,98.5,4821.25,5314.75,493.5,4797,4896.25,99.25,4429.25,4924,494.75,4401.75,4501.5,99.75
6115.5,6609,493.5,6085.25,6184.75,99.5,5522.5,6016.25,493.75,5493.75,5592.75,99,5129.75,5625.5,495.75,5101,5200.25,99.25
6817,7310.5,493.5,6787.75,6886,98.25,6224,6717.75,493.75,6201.75,6300.25,98.5,5833,6327,494,5803.5,5902.5,99
7517.25,8012,494.75,7490.25,7588.5,98.25,6925,7419.25,494.25,6898.5,6998,99.5,6534.25,7028.75,494.5,6505.75,6605,99.25
8219.25,8713.5,494.25,8192.5,8291.5,99,7627.5,8120.75,493.25,7606.75,7706,99.25,7235.5,7729.75,494.25,7208.5,7306.75,98.25
8921.75,9415,493.25,8894.75,8994,99.25,8328.75,8822.25,493.5,8314.75,8413.25,98.5,7953.75,8431.25,477.5,7910.75,8010.25,99.5
9623.25,10116.5,493.25,9597.25,9696.25,99,9046.75,9540.5,493.75,9011.5,9110.5,99,8638.25,9133,494.75,8610.25,8710,99.75
10341.5,10834.75,493.25,10299.5,10398,98.5,9748,10241.75,493.75,9719.75,9818.75,99,9338.75,9834.5,495.75,9312.5,9411.75,99.25
11042.75,11536.25,493.5,11002,11101,99,10466.25,10943.5,477.25,10416.25,10517,100.75,10058.75,10552.75,494,10015,10114.5,99.5
11744.25,12237.5,493.25,11704.5,11803.5,99,11151,11645,494,11124.5,11223.5,99,10759.75,11254.25,494.5,10717.25,10816.5,99.25
12444.75,12939,494.25,12406.75,12506.25,99.5,11853.25,12346.5,493.25,11832.75,11931.5,98.75,11461.25,11939,477.75,11419.75,11519.25,99.5
13146,13640.5,494.5,13109.25,13207.5,98.25,12571.25,13064.75,493.5,12540.75,12639.75,99,12145.75,12640.25,494.5,12122,12221.75,99.75
13849.25,14342.25,493,13811.5,13910.5,99,13272.5,13766.25,493.75,13249,13347.25,98.25,12863.5,13342,478.5,12827.5,12926.75,99.25
14550.5,15043.75,493.25,14514,14612.25,98.25,13974,14467.75,493.75,13945.5,14044.5,99,13547.75,14043.75,496,13529.75,13629,99.25
15251.75,15745.25,493.5,15216.25,15316,99.75,14675.25,15169,493.75,14653.75,14752.75,99,14251,14745.25,494.25,14232,14331.75,99.75
15953.25,16446.5,493.25,15918.75,16017.25,98.5,15392.5,15887.25,494.75,15362,15461,99,14952.25,15463.25,511,14934.5,15034.25,99.75
16654.75,17148,493.25,16621.25,16720.25,99,16095.25,16588.75,493.5,16058.5,16157.5,99,15653.5,16148,494.5,15637,15736.75,99.75
17355.75,17849.5,493.75,17323.5,17422.75,99.25,16797,17290.5,493.5,16766.75,16865.75,99,16355,16866,511,16336.5,16436,99.5
18056.75,18551,494.25,18026,18125,99,17498.25,17991.75,493.5,17463.25,17562.75,99.5,17056,17551,495,17038.75,17139.75,101
18759.75,19252.5,492.75,18728.25,18827.25,99,18199.75,18693.5,493.75,18171.5,18270.5,99,17756.75,18252.5,495.75,17741,17840.75,99.75
19461,19954.25,493.25,19430.75,19529,98.25,18917.75,19394.75,477,18879.75,18978.75,99,18460,18954.25,494.25,18440.75,18540.25,99.5
20162.25,20655.75,493.5,20133,20232.25,99.25,19602.75,20096.25,493.5,19576.25,19675.75,99.5,19161.25,19655.75,494.5,19143,19242.75,99.75
20863.5,21357,493.5,20835.5,20933.75,98.25,20303.25,20797.75,494.5,20284.5,20384,99.5,19862.5,20357,494.5,19842.5,19942.25,99.75
21565.25,22058.5,493.25,21538,21637.5,99.5,21022.5,21516,493.5,20992.75,21091.75,99,20564,21058.25,494.25,20547.75,20647.5,99.75
22266.25,22760,493.75,22240.25,22339.25,99,21724,22217.5,493.5,21689.25,21788.25,99,21282.25,21776.75,494.5,21250.25,21349.25,99
22968,23461.5,493.5,22942.75,23041.75,99,22425.5,22919,493.5,22397.5,22496.5,99,21982.75,22478.25,495.5,21952.75,22052.25,99.5
23686.75,24179.75,493,23645,23743.25,98.25,23143.5,23620.5,477,23105.75,23204.75,99,22683.75,23179.75,496,22655,22754.25,99.25
24388.25,24881.25,493,24347.5,24446.5,99,23845,24338.75,493.75,23813.75,23912.75,99,23403.75,23881.25,477.5,23357.5,23458.5,101
25089.5,25582.75,493.25,25050,25148.75,98.75,24546.5,25040.25,493.75,24510.25,24608.75,98.5,24088.5,24582.75,494.25,24059,24159.5,100.5
25790.75,26284.25,493.5,25752.25,25851.25,99,25247.5,25741.75,494.25,25218.75,25317,98.25,24789.5,25284,494.5,24759.25,24858.75,99.5
26492.25,26985.75,493.5,26454.75,26553,98.25,25949.75,26443.25,493.5,25926.75,26026.25,99.5,25491,25985.5,494.5,25461.75,25561.5,99.75
27194,27687.25,493.25,27157,27256,99,26651.25,27144.75,493.5,26623.25,26722.5,99.25,26192.25,26687.25,495,26167,26266.25,99.25
27894.5,28388.75,494.25,27859.5,27958.5,99,27352.5,27846.25,493.75,27331.5,27430.5,99,26892.75,27405.25,512.5,26866.5,26966.25,99.75
28595.75,29090.25,494.5,28561.75,28660.75,99,28070.75,28564.5,493.75,28039.75,28138.75,99,27596,28090,494,27566,27665,99
29298.75,29791.75,493,29264.25,29362.5,98.25,28772,29265.75,493.75,28748,28846.25,98.25,28297.5,28791.75,494.25,28271.25,28371,99.75
30000,30493.25,493.25,29966.5,30065.5,99,29473.5,29967.25,493.75,29444.5,29543.75,99.25,28998.75,29493,494.25,28973.75,29072.75,99
30701.5,31194.75,493.25,30663.25,30761.5,98.25,30175,30668.75,493.75,30152.75,30251.75,99,29700,30194.5,494.5,29673,29772.75,99.75
31402.75,31896.25,493.5,31365.5,31464.5,99,30877,31370.5,493.5,30849.25,30948.25,99,30401.5,30896,494.5,30375.5,30475,99.5
32104,32597.75,493.75,32068,32167,99,31578.5,32072,493.5,31557.5,31655.75,98.25,31102,31597.75,495.75,31077.75,31177.5,99.75
32805.75,33299.25,493.5,32770.25,32869.25,99,32296.5,32790.25,493.75,32265.75,32364.75,99,31803.25,32299.25,496,31780.25,31879.25,99
33506.5,34000.75,494.25,33472.75,33571.75,99,32997.75,33491.5,493.75,32974,33073.25,99.25,32523.25,33000.75,477.5,32479.75,32578.75,99
34208,34702.25,494.25,34175,34274,99,33699.25,34193,493.75,33670.5,33769.75,99.25,33207.75,33702,494.25,33182.25,33281.25,99
34910.75,35403.75,493,34877.5,34976.5,99,34400.5,34894.5,494,34378.75,34477.75,99,33925.75,34403.5,477.75,33884.5,33984.25,99.75
35612,36105.25,493.25,35579.75,35678.25,98.5,35117.75,35612.75,495,35087,35186,99,34610.5,35105,494.5,34586.75,34686.75,100
36313.5,36806.75,493.25,36282.25,36381.25,99,35821,36314.25,493.25,35795,35894,99,35312,35806.25,494.25,35286.5,35386.25,99.75
37014.75,37508.25,493.5,36984.5,37083.5,99,36522.5,37015.75,493.25,36491.75,36590,98.25,36012.75,36508,495.25,35988.75,36088,99.25
37716,38209.75,493.75,37687,37785.25,98.25,37223.5,37717.25,493.75,37199.75,37298.75,99,36730.5,37226.25,495.75,36691.25,36790.25,99
38417.5,38911.25,493.75,38389.5,38487.75,98.25,37925,38418.75,493.75,37896.5,37995.5,99,37415.25,37911,495.75,37393.75,37493.25,99.5
39119,39612.75,493.75,39091.75,39190.25,98.5,38643.25,39120.25,477,38604.5,38703.75,99.25,38118.25,38612.75,494.5,38096,38195.75,99.75
39819.5,40314,494.5,39794,39893.25,99.25,39344.75,39838.25,493.5,39312.75,39411.75,99,38819.75,39314,494.25,38795.5,38895.25,99.75
40522.5,41015.75,493.25,40496.5,40595.5,99,40045.75,40539.75,494,40009.25,40107.75,98.5,39521,40015.5,494.5,39497.75,39597.5,99.75
41240.5,41733.75,493.25,41199,41298,99,40764.25,41241.5,477.25,40705.75,40805,99.25,40239.25,40717,477.75,40200.25,40299.25,99
41941.75,42435.5,493.75,41901.25,42000.25,99,41449.5,41943,493.5,41425.75,41525,99.25,40923.75,41418.75,495,40902.5,41002.5,100
42643.25,43136.75,493.5,42603.75,42702.75,99,42151,42644.5,493.5,42122.25,42221.25,99,41625.25,42120,494.75,41602.25,41701.75,99.5
43344.5,43838.25,493.75,43306,43405.25,99.25,42869.25,43346,476.75,42830.5,42929.5,99,42326,42821.5,495.5,42307.5,42406.5,99
44045.5,44539.75,494.25,44008.5,44106.75,98.25,43554,44047.5,493.5,43538.75,43637.75,99,43029,43523.25,494.25,43007,43106.5,99.5
44748.5,45241.5,493,44711,44809.25,98.25,44271.75,44765.5,493.75,44235.25,44334.5,99.25,43747,44224.5,477.5,43709.25,43808.75,99.5
45449.75,45943,493.25,45413.25,45512.25,99,44973.25,45466.75,493.5,44943.5,45042.5,99,44448.25,44926,477.75,44411.75,44511.5,99.75
46151,46644.25,493.25,46115.75,46214.75,99,45674.75,46168.5,493.75,45640,45739.25,99.25,45133,45627.5,494.5,45114,45213.25,99.25
46852.5,47345.75,493.25,46818,46917,99,46376,46870,494,46348.25,46447.25,99,45834.5,46329,494.5,45813.5,45913.25,99.75
47554,48047.25,493.25,47520.5,47619.5,99,47094.25,47571.5,477.25,47056.5,47155.5,99,46551.75,47030.5,478.75,46516,46615.5,99.5
48255.25,48748.75,493.5,48217,48316,99,47779.75,48273,493.25,47753.25,47852.25,99,47236.25,47732,495.75,47218.25,47318,99.75
48957,49450.25,493.25,48925.25,49024.25,99,48481.25,48974.5,493.25,48461.25,48560.25,99,47939.5,48433.5,494,47920.75,48020.25,99.5
49658.75,50151.75,493,49627.5,49726,98.5,49199.5,49692.75,493.25,49169.5,49268.5,99,48657.25,49135.25,478,48620.25,48720,99.75
50360,50853.25,493.25,50324.25,50423.75,99.5,49900.5,50394.25,493.75,49866,49965,99,49342.25,49836.5,494.25,49322.5,49421.75,99.25
51061.25,51554.75,493.5,51026.5,51125,98.5,50602.25,51095.75,493.5,50574.25,50673.25,99,50043.5,50538,494.5,50025,50124.75,99.75
51763,52256.25,493.25,51729,51828,99,51320,51797.25,477.25,51282.5,51381.5,99,50744.75,51239.5,494.75,50727.25,50827,99.75
52464,52957.75,493.75,52431.5,52529.75,98.25,52005,52498.75,493.75,51990.75,52089.75,99,51445.25,51941,495.75,51429.75,51529.5,99.75
53165,53659.25,494.25,53133.75,53232.75,99,52723.25,53217,493.75,52699,52797.25,98.25,52146.75,52642.5,495.75,52129.25,52229,99.75
53867.75,54360.75,493,53836.25,53934.5,98.25,53423.75,53918.5,494.75,53395.5,53493.75,98.25,52866.75,53360.75,494,52831.5,52931.25,99.75
54569.25,55062.25,493,54538.5,54637,98.5,54126.75,54620,493.25,54103.75,54202.5,98.75,53568,54045.5,477.5,53534,53633.75,99.75
55270.25,55763.75,493.5,55240.75,55340,99.25,54828,55321.5,493.5,54800.25,54899.75,99.5,54252.5,54747,494.5,54233.5,54332.5,99
55972,56465.25,493.25,55943.25,56042.25,99,55529.75,56023,493.25,55508.25,55607.5,99.25,54954,55448.25,494.25,54936,55035,99
56672.75,57166.75,494,56645.75,56744,98.25,56247.75,56741,493.25,56216.5,56315,98.5,55655.25,56149.75,494.5,55638.25,55737.5,99.25
57374.5,57868.25,493.75,57348,57446.5,98.5,56948.75,57442.75,494,56913.25,57011.5,98.25,56356.5,56851.5,495,56337.75,56437.5,99.75
58093.5,58586.5,493,58050.5,58149.5,99,57650.5,58144,493.5,57621.25,57720.5,99.25,57057.25,57553,495.75,57040.25,57141.25,101
58794.5,59288,493.5,58753,58851.25,98.25,58351.75,58845.5,493.75,58318,58417,99,57775.5,58254.5,479,57742.5,57842.25,99.75
59496,59989.5,493.5,59455.25,59554.25,99,59053,59547,494,59026.25,59124.5,98.25,58461.75,58956,494.25,58442,58542.75,100.75
60197.75,60691,493.25,60157.75,60256.75,99,59753.5,60248.5,495,59734.5,59833.25,98.75,59163,59657.5,494.5,59144.5,59243.5,99
60898.25,61392.5,494.25,60860,60959,99,60456.5,60950,493.5,60431,60530,99,59864.5,60358.75,494.25,59846.75,59946,99.25
61599.75,62093.75,494,61562.5,61661.5,99,61174.75,61651.75,477,61139,61238.25,99.25,60565.75,61060.25,494.5,60546.25,60646,99.75
62302.5,62795.5,493,62264.75,62363.75,99,61876.25,62369.75,493.5,61835.75,61934.75,99,61267,61762,495,61248.75,61348.5,99.75
63003.75,63497,493.25,62967.25,63066.25,99,62577.75,63071.25,493.5,62543.75,62643,99.25,61968,62463.5,495.5,61951,62050.75,99.75
63705,64198.5,493.5,63669.5,63768,98.5,63279,63772.75,493.75,63252,63351.5,99.5,62686,63165,479,62653.5,62753.25,99.75
64406.5,64899.75,493.25,64372,64471,99,63980.5,64474.25,493.75,63948.75,64047.75,99,63372.5,63866.5,494,63355.75,63455,99.25
65107.25,65601.25,494,65074.25,65175.5,101.25,64681.25,65175.75,494.5,64656.75,64756.5,99.75,64090.5,64568,477.5,64055.5,64154.5,99
65810,66303,493,65776.75,65875.75,99,65383.25,65877.25,494,65353.5,65452.5,99,64774.75,65269.25,494.5,64757.75,64857.5,99.75
66511.25,67004.5,493.25,66479.25,66577.5,98.25,66085.5,66578.75,493.25,66061.5,66160.75,99.25,65476.25,65970.75,494.5,65460.25,65559.75,99.5
67212.75,67706,493.25,67181.5,67280.5,99,66820.5,67297,476.5,66770,66869,99,66177.75,66672.5,494.75,66162.5,66262.25,99.75
67914,68407.25,493.25,67884,67983,99,67504.75,67998.5,493.75,67478,67577.25,99.25,66895,67390.5,495.5,66862,66963,101
68615.25,69108.75,493.5,68586.25,68684.75,98.5,68206,68700,494,68174.5,68273.75,99.25,67579.5,68075.5,496,67564.5,67663.75,99.25
69316.5,69810.25,493.75,69288.75,69387,98.25,68907.75,69401.5,493.75,68871.25,68970.25,99,68299.5,68777,477.5,68266.75,68366.5,99.75
70019,70511.75,492.75,69991,70089.5,98.5,69609,70102.75,493.75,69579.5,69678.5,99,69000.75,69495,494.25,68969.25,69068.5,99.25
70720.25,71213.5,493.25,70693.25,70792.5,99.25,70326.75,70804.25,477.5,70287.5,70386.5,99,69702.5,70196.5,494,69671.5,69772.75,101.25
71438.25,71931.5,493.25,71419,71518.25,99.25,71012,71505.75,493.75,71007.5,71106.5,99,70403.5,70898,494.5,70391.5,70490.5,99
72139.5,72633,493.5,72121.5,72219.75,98.25,71730.5,72207.25,476.75,71715.5,71814.5,99,71104.75,71599.25,494.5,71093.75,71193.25,99.5
72841,73334.5,493.5,72823.75,72923,99.25,72415.5,72909,493.5,72412.25,72511.25,99,71806.25,72301,494.75,71796.25,71895.75,99.5
73542.25,74036,493.75,73526.25,73625.25,99,73133.75,73627,493.25,73108.75,73207.75,99,72507.75,73002.5,494.75,72501.5,72601,99.5
74244,74737.5,493.5,74228.75,74328.25,99.5,73835,74328.75,493.75,73817,73916.25,99.25,73208.5,73704,495.5,73200.75,73300,99.25
74945.75,75439,493.25,74931,75030.25,99.25,74536.5,75030,493.5,74525.25,74624,98.75,73927.75,74422.25,494.5,73903.25,74003,99.75
75647.5,76140.5,493,75633.25,75731.75,98.5,75238,75731.5,493.5,75233.25,75332.5,99.25,74612.75,75107.25,494.5,74602.75,74702.5,99.75
76348.75,76842,493.25,76335.5,76435,99.5,75956,76433,477,75930,76028.25,98.25,75314.25,75808.5,494.25,75305.25,75404.75,99.5
77050,77543.5,493.5,77038.25,77136.5,98.25,76640.75,77134.5,493.75,76638,76736.5,98.5,76032.25,76510,477.75,76007.5,76106.75,99.25
77751.5,78245,493.5,77740.5,77839,98.5,77341.25,77836,494.75,77346.25,77444.5,98.25,76717,77211.25,494.25,76709.75,76809.5,99.75
78452.25,78946.5,494.25,78437,78536.25,99.25,78060.75,78554.25,493.5,78043,78142,99,77418,77913,495,77409.5,77509,99.5
79155,79648,493,79145.25,79244.75,99.5,78762.5,79255.75,493.25,78751,78850,99,78135.75,78614.5,478.75,78111.75,78211.5,99.75
79856.5,80349.5,493,79847.75,79946.75,99,79464,79957.25,493.25,79459.25,79558.25,99,78820.75,79316,495.25,78814.25,78914,99.75
80557.75,81051,493.25,80544.25,80642.75,98.5,80165.25,80658.75,493.5,80156,80255.25,99.25,79523.5,80017.5,494,79516.5,79616.25,99.75
81259,81752.5,493.5,81252.5,81351.5,99,80866.5,81360.25,493.75,80864,80963,99,80224.75,80719,494.25,80216.25,80315.75,99.5
81960.5,82454,493.5,81955,82054,99,81584.5,82078.5,494,81572.25,81671.25,99,80926.25,81420.25,494,80918.5,81018,99.5
82662,83155.25,493.25,82657.25,82756.25,99,82286.25,82780,493.75,82268.75,82367.75,99,81627.5,82121.75,494.25,81620.75,81722,101.25
83362.75,83857,494.25,83359.5,83458,98.5,82987.5,83481.25,493.75,82977,83076,99,82328.75,82823.5,494.75,82320.25,82419.75,99.5
84080.75,84575,494.25,84062,84161,99,83688.75,84183,494.25,83673.5,83772.75,99.25,83046.5,83525,478.5,83025.75,83125.25,99.5
84783.75,85276.5,492.75,84764.5,84863.5,99,84389.5,84884.5,495,84381.75,84480.75,99,83730.75,84226.75,496,83725.25,83824.75,99.5
85485,85978.25,493.25,85466.75,85566,99.25,85092.75,85586,493.25,85090,85189.5,99.5,84433.5,84928,494.5,84427.5,84527.25,99.75
86186.25,86679.75,493.5,86169.25,86267.5,98.25,85794,86287.5,493.5,85798,85897.25,99.25,85134.5,85629.75,495.25,85130,85229.5,99.5
86887.75,87381,493.25,86871.5,86972.5,101,86512,87005.75,493.75,86494.75,86593.75,99,85835.5,86331.25,495.75,85832.25,85932,99.75
87588.75,88082.5,493.75,87574,87673,99,87213.5,87707.25,493.75,87203,87302.25,99.25,86536.5,87032.75,496.25,86534.75,86634.5,99.75
88291.25,88784,492.75,88276.25,88375.5,99.25,87914.75,88408.5,493.75,87911.25,88010.25,99,87237.5,87734.75,497.25,87237,87336.75,99.75
88992.75,89485.75,493,88978.75,89078,99.25,88616.25,89110,493.75,88607.75,88706.75,99,87939,88436.25,497.25,87936.5,88036.25,99.75
89694,90187.25,493.25,89681,89780.25,99.25,89317.5,89811.5,494,89316,89415,99,88640,89137.75,497.75,88639,88738.5,99.5
90395.25,90888.75,493.5,90383.5,90482.5,99,90035.25,90529.75,494.5,90024,90123.25,99.25,89341.5,89839.25,497.75,89341.25,89441,99.75
91096.75,91590,493.25,91080,91179.25,99.25,90738,91231.25,493.25,90720.5,90820.25,99.75,90042.5,90540.75,498.25,90043.75,90143.25,99.5
91798.25,92291.5,493.25,91782.5,91881.75,99.25,91439.5,91932.75,493.25,91429,91528,99,90744.75,91242,497.25,90746,90845.75,99.75
92499.5,92993,493.5,92485,92584,99,92140.75,92634.25,493.5,92137,92236.25,99.25,91463,91943.5,480.5,91448.5,91548.25,99.75
93201.5,93694.5,493,93187.5,93286.25,98.75,92842,93335.75,493.75,92833.5,92932.75,99.25,92147.75,92645.25,497.5,92150.75,92250.5,99.75
93903,94396.25,493.25,93889.75,93988.75,99,93543.25,94037.25,494,93541.75,93641,99.25,92849,93346.75,497.75,92850.5,92950,99.5
94604.5,95097.75,493.25,94592,94691.75,99.75,94245,94738.75,493.75,94250,94349,99,93550.5,94048.25,497.75,93552.75,93652.5,99.75
95306,95799.25,493.25,95294.5,95393.5,99,94962,95457,495,94946.75,95046.25,99.5,94268,94749.75,481.75,94255.25,94355,99.75
96007.25,96500.5,493.25,95996.75,96095.25,98.5,95681.75,96158.5,476.75,95654.75,95753.75,99,94952.75,95451.25,498.5,94957.5,95056.75,99.25
96708.75,97202,493.25,96699.25,96798.25,99,96366.5,96860,493.5,96351.5,96450.5,99,95655.25,96152.5,497.25,95660,95759,99
97410,97903.5,493.5,97401.5,97500,98.5,97067.75,97561.5,493.75,97059.75,97158,98.25,96356.75,96854,497.25,96359.5,96459,99.5
98128.25,98621.75,493.5,98109.75,98208.75,99,97769,98263,494,97756.25,97855.25,99,97058,97555.75,497.75,97061.75,97161.5,99.75
98830.25,99323.25,493,98812.25,98911.25,99,98470.75,98964.25,493.5,98464.5,98563.5,99,97776.25,98257.25,481,97764.25,97863.75,99.5
99531.75,100024.75,493,99514.5,99613.75,99.25,99172,99666,494,99172.5,99271.5,99,98461,98958.75,497.75,98466.75,98566.25,99.5
100233,100726.25,493.25,100217,100316,99,99874,100367.5,493.5,99869,99968.25,99.25,99161.75,99660.25,498.5,99166.25,99265.75,99.5
100934.5,101427.75,493.25,100919.5,101018.5,99,100592.5,101085.75,493.25,100577.25,100676.25,99,99863.25,100361.75,498.5,99868.5,99968,99.5
101635.75,102129.25,493.5,101616,101715,99,101293.75,101787.25,493.5,101273.75,101373,99.25,100565.75,101063,497.25,100570.75,100670.5,99.75
102337.5,102830.75,493.25,102324.25,102423.25,99,101994.75,102488.5,493.75,101982.25,102081.25,99,101267.25,101764.5,497.25,101270.25,101371.5,101.25
103038.75,103532.25,493.5,103026.75,103125.5,98.75,102696.25,103190,493.75,102690.25,102789.25,99,101968.5,102466.25,497.75,101972.75,102072.5,99.75
103740.25,104233.75,493.5,103729,103827.25,98.25,103397.75,103891.25,493.5,103387,103486.25,99.25,102670,103167.75,497.75,102672.25,102771.5,99.25
104442,104935.25,493.25,104425.5,104524.5,99,104099,104593,494,104095,104194.25,99.25,103371.5,103869.25,497.75,103373.75,103473.75,100
105143.75,105636.75,493,105128,105226.25,98.25,104800.5,105294.5,494,104791.5,104890.75,99.25,104072.5,104570.75,498.25,104077,104176.25,99.25
105845,106338.25,493.25,105830.25,105929.75,99.5,105519.5,106012.75,493.25,105499.75,105599,99.25,104790.5,105272.25,481.75,104779.5,104878.5,99
106546.25,107039.75,493.5,106532.75,106631.75,99,106220.75,106714.25,493.5,106208,106307,99,105476,105973.5,497.5,105479,105578,99
107247.75,107741.25,493.5,107235,107334,99,106922.25,107415.75,493.5,106916.25,107015.25,99,106177.75,106675,497.25,106181.25,106280.75,99.5
107949.25,108442.75,493.5,107937.5,108036.75,99.25,107623.5,108117.25,493.75,107612.75,107712,99.25,106895.75,107376.5,480.75,106883.5,106983.25,99.75
108649.75,109144.25,494.5,108639.75,108738.25,98.5,108325.25,108818.75,493.5,108321,108420,99,107580.5,108078.25,497.75,107583.25,107682.75,99.5
109352.75,109845.75,493,109342.25,109441.5,99.25,109026,109520.25,494.25,109029.25,109128.25,99,108282,108779.75,497.75,108285.5,108385.25,99.75
110054.25,110547.25,493,110044.75,110143.75,99,109744.25,110238.5,494.25,109725.75,109824.75,99,108983.25,109481.25,498,108988,109087.5,99.5
110755.5,111248.75,493.25,110747,110846,99,110463.5,110940,476.5,110434,110533,99,109701,110182.5,481.5,109690.25,109790,99.75
111456.75,111950.25,493.5,111449.5,111547.75,98.25,111148.25,111641.5,493.25,111142.25,111241.25,99,110386.75,110884,497.25,110392.75,110492.25,99.5
112158.25,112651.75,493.5,112151.75,112250.75,99,111866,112343,477,111838.75,111937.75,99,111104.75,111602,497.25,111095,111194.75,99.75
112859.75,113353.25,493.5,112854.25,112952.5,98.25,112550.5,113044.5,494,112547,112646,99,111806.25,112287,480.75,111794.5,111894.25,99.75
113577.75,114071.25,493.5,113556.5,113655.75,99.25,113268.75,113762.5,493.75,113255.25,113354.25,99,112507.5,113005.25,497.75,112497,112596.5,99.5
114278.75,114772.75,494,114259,114358,99,113970,114464,494,113951.75,114051,99.25,113209.25,113723.5,514.25,113199.25,113299,99.75
114981.5,115474.25,492.75,114961.25,115060.25,99,114671.75,115165.5,493.75,114660,114759,99,113910,114408.25,498.25,113901.75,114002.75,101
115682.75,116175.75,493,115663.75,115762.75,99,115374,115867,493,115356.5,115456,99.5,114611.5,115109.75,498.25,114604.25,114703.75,99.5
116384,116877.5,493.5,116366.25,116465.25,99,116092.25,116568.75,476.5,116064.75,116164,99.25,115313.75,115811,497.25,115306.5,115406.25,99.75
117085.5,117579,493.5,117068.5,117166.75,98.25,116793.5,117270.25,476.75,116773,116872,99,116015.25,116512.5,497.25,116006,116105.25,99.25
117787,118280.25,493.25,117771,117870,99,117478,117971.5,493.5,117481,117580.25,99.25,116716.5,117214.25,497.75,116708.5,116808,99.5
118488.5,118981.75,493.25,118473.25,118572.25,99,118196,118673,477,118177.75,118276.75,99,117434.75,117915.75,481,117410.75,117511.75,101
119189.75,119683.25,493.5,119175.75,119275.25,99.5,118897.5,119391.25,493.75,118886,118985,99,118136,118634,498,118113,118212.75,99.75
119890.75,120384.75,494,119878,119977.5,99.5,119598.25,120092.75,494.5,119582.5,119680.75,98.25,118820.5,119318.75,498.25,118812.75,118912,99.25
120593.5,121086.25,492.75,120580.5,120680,99.5,120300,120794.25,494.25,120290.5,120389.75,99.25,119522.75,120020,497.25,119515,119614.75,99.75
121294.75,121788,493.25,121282.75,121381.25,98.5,121002.5,121495.75,493.25,120999,121098,99,120224.25,120721.5,497.25,120217.5,120317.25,99.75
121996.25,122489.25,493,121979.5,122078.5,99,121704.25,122197.25,493,121695.5,121794.75,99.25,120925.75,121423.25,497.5,120919.75,121019.5,99.75
122697.5,123190.75,493.25,122681.75,122781,99.25,122405.25,122898.75,493.5,122403.75,122502.75,99,121627,122124.75,497.75,121622.25,121721.75,99.5
123398.75,123892.25,493.5,123384.25,123483.75,99.5,123106.5,123600.25,493.75,123112,123210.75,98.75,122344.75,122826.25,481.5,122321.5,122421.25,99.75
124100.25,124593.75,493.5,124086.5,124185.75,99.25,123824.5,124318.5,494,123808.5,123907.5,99,123046.75,123527.75,481,123024.25,123123.75,99.5
124801.75,125295.25,493.5,124789,124888.25,99.25,124526,125020,494,124505,124604,99,123731.75,124229,497.25,123726.5,123826.25,99.75
125503,125996.75,493.75,125491.5,125590.5,99,125227.5,125721.5,494,125213.25,125312.25,99,124433.25,124930.5,497.25,124428.75,124530,101.25
126205.25,126698.25,493,126193.75,126292,98.25,125928.5,126423,494.5,125921.5,126020.5,99,125134.5,125632.25,497.75,125131.25,125230.25,99
126906.75,127399.75,493,126896.25,126995.75,99.5,126631.25,127124.5,493.25,126629.5,126728.5,99,125836,126333.75,497.75,125830.75,125930,99.25
127608.25,128101.5,493.25,127598.5,127697.5,99,127332.75,127826,493.25,127326,127424.5,98.5,126537,127035.25,498.25,126533,126632.25,99.25
128309.5,128802.75,493.25,128301,128400.5,99.5,128034,128527.5,493.5,128034.25,128133.5,99.25,127238.5,127736.5,498,127235.5,127335.25,99.75
129010.75,129504.25,493.5,128997.5,129096.5,99,128768.75,129245.75,477,128742.5,128841.75,99.25,127940.75,128438,497.25,127935,128034.75,99.75
129712.25,130205.75,493.5,129705.75,129804.75,99,129453.75,129947.25,493.5,129439.25,129538.25,99,128642.25,129139.75,497.5,128640.25,128740,99.75
130414,130907.25,493.25,130408,130507,99,130154.75,130648.75,494,130147.25,130245.75,98.5,129343.5,129858,514.5,129339.75,129439,99.25
131131.25,131625.5,494.25,131110.5,131209.5,99,130856.5,131350,493.5,130855.5,130954.5,99,130045,130542.75,497.75,130042.25,130141.75,99.5
131832.5,132327,494.5,131812.75,131911.25,98.5,131557.75,132051.5,493.75,131552.25,131651.25,99,130762.5,131244.25,481.75,130744.5,130844.25,99.75
132535.5,133028.5,493,132515.25,132614.25,99,132259,132753,494,132260.5,132359.25,98.75,131448.25,131945.5,497.25,131447,131546.25,99.25
133236.75,133730,493.25,133217.75,133316.75,99,132976.5,133471.25,494.75,132956.75,133056,99.25,132166.25,132647,480.75,132149.25,132249,99.75
133938.25,134431.5,493.25,133920,134018.5,98.5,133679.5,134172.75,493.25,133665,133763.5,98.5,132867.75,133348.5,480.75,132851.75,132951.25,99.5
134639.5,135133,493.5,134622.5,134721.5,99,134381,134874.25,493.25,134361.75,134460.75,99,133552.5,134050.25,497.75,133554.25,133653.75,99.5
135340.75,135834.5,493.75,135324.75,135423.25,98.5,135082.25,135575.75,493.5,135070,135168.75,98.75,134253.75,134751.75,498,134253.75,134353.25,99.5
136042.25,136535.75,493.5,136027.25,136126.25,99,135783.5,136277.25,493.75,135766.5,135865.5,99,134955,135453.25,498.25,134959,135058.5,99.5
136742.75,137237.5,494.75,136729.5,136828.75,99.25,136485,136978.75,493.75,136474.75,136573.75,99,135657,136154.5,497.5,135661.25,135761,99.75
137445.75,137939,493.25,137432,137531.5,99.5,137186.5,137680.25,493.75,137182.75,137281.75,99,136375.5,136872.75,497.25,136366.5,136466.25,99.75
138147.5,138640.5,493,138134.5,138233.5,99,137887.5,138381.75,494.25,137879.25,137978.5,99.25,137076.75,137574.5,497.75,137069,137168.25,99.25
138848.75,139342,493.25,138836.75,138935.75,99,138589.25,139083.25,494,138587.75,138686.5,98.75,137778,138276,498,137771.25,137871,99.75
139550.25,140043.5,493.25,139533.25,139631.75,98.5,139291.5,139784.75,493.25,139295.75,139394.75,99,138479.75,138977.25,497.5,138471,138571.75,100.75
140251.5,140745,493.5,140235.75,140334,98.25,140009.5,140503,493.5,139992.25,140091.5,99.25,139181,139679,498,139173.25,139272.5,99.25
140953,141446.25,493.25,140938,141036.5,98.5,140728,141204.5,476.5,140700.5,140799.5,99,139882,140380.5,498.5,139875.5,139974.75,99.25
141653.75,142147.75,494,141669.5,141768.5,99,141412.5,141906,493.5,141432,141531,99,140584.25,141081.5,497.25,140607,140706.5,99.5
142355,142849.25,494.25,142372,142471,99,142114,142607.5,493.5,142140.25,142239.25,99,141285.75,141783.25,497.5,141309.5,141409,99.5
143057.75,143551,493.25,143074.5,143172.75,98.25,142815.25,143309,493.75,142848.5,142946.75,98.25,141987.25,142484.75,497.5,142011.75,142111.5,99.75
143759.25,144252.25,493,143776.75,143875,98.25,143533.25,144027.25,494,143545,143644.25,99.25,142688.5,143186.25,497.75,142711.25,142810.5,99.25
144460.75,144954,493.25,144479,144578.5,99.5,144234.75,144728.75,494,144253.25,144351.5,98.25,143390.25,143887.75,497.5,143413.75,143513.25,99.5
145161.75,145655.5,493.75,145181.5,145280.5,99,144953.25,145430,476.75,144949.75,145048.75,99,144091.75,144589.5,497.75,144116,144215.75,99.75
145863.5,146356.75,493.25,145889.75,145988,98.25,145637.75,146131.5,493.75,145658,145757,99,144792.5,145307.75,515.25,144818.5,144917.75,99.25
146581,147075,494,146592,146691,99,146356,146833,477,146366,146465.25,99.25,145494.5,145992.25,497.75,145518,145617.5,99.5
147282.75,147776.5,493.75,147294.5,147393.5,99,147040.75,147534.5,493.75,147062.75,147161,98.25,146196.25,146693.75,497.5,146220.25,146319.5,99.25
147985,148478,493,147996.75,148095.75,99,147741.75,148236,494.25,147770.75,147870,99.25,146897.75,147395,497.25,146922.75,147022.25,99.5
148686.5,149179.5,493,148699.25,148798.25,99,148442.75,148937.5,494.75,148479.25,148577.5,98.25,147616,148096.75,480.75,147625.25,147724.25,99
149387.75,149881.25,493.5,149401.5,149500.75,99.25,149179.25,149655.75,476.5,149175.75,149274.75,99,148300.75,148798.25,497.5,148324.75,148424.25,99.5
150089,150582.5,493.5,150104,150203,99,149864,150357.25,493.25,149883.75,149983,99.25,149002,149499.75,497.75,149030,149129.25,99.25
150790.5,151284,493.5,150806.5,150905.5,99,150565.5,151058.75,493.25,150580.5,150679.5,99,149703.5,150218,514.5,149732.25,149831.75,99.5
151491.75,151985.5,493.75,151508.75,151607.75,99,151266.75,151760.25,493.5,151288.5,151387.75,99.25,150421.75,150902.75,481,150431.75,150531.5,99.75
152192.75,152687,494.25,152211.25,152310.25,99,151968.25,152461.75,493.5,151997,152096,99,151106.25,151604.25,498,151137,151236.75,99.75
152894,153388.5,494.5,152913.5,153012.5,99,152669.75,153163.25,493.5,152705,152804,99,151808,152305.75,497.75,151839.5,151938.5,99
153597,154090,493,153616,153715.25,99.25,153404.25,153881.5,477.25,153401.75,153500.5,98.75,152509.75,153007.25,497.5,152541.75,152641.5,99.75
154298.25,154791.5,493.25,154318.25,154416.75,98.5,154089.25,154583,493.75,154109.75,154208.75,99,153211.25,153708.75,497.5,153244.25,153343.75,99.5
154999.5,155493,493.5,155020.75,155119.75,99,154807.5,155284.5,477,154806.5,154905.5,99,153912.75,154410,497.25,153943.75,154043.5,99.75
155701,156194.5,493.5,155723.25,155822.25,99,155492,155986,494,155514.75,155613,98.25,154631,155111.5,480.5,154646,154745.25,99.25
156402.5,156896,493.5,156425.5,156523.75,98.25,156194,156687.5,493.5,156211,156310.25,99.25,155332.5,155813,480.5,155348.5,155447.75,99.25
157104,157597.5,493.5,157127.75,157227.25,99.5,156895.25,157389,493.75,156919.5,157017.75,98.25,156017,156514.75,497.75,156050.75,156150.5,99.75
157806,158299,493,157830.25,157929.25,99,157596.5,158090.5,494,157627.5,157726,98.5,156718.5,157216.25,497.75,156753.25,156853,99.75
158507.25,159000.5,493.25,158532.75,158631.75,99,158297.25,158792,494.75,158324.25,158423.25,99,157420,157917.75,497.75,157455.75,157556.75,101
159208.75,159702,493.25,159235,159333.5,98.5,159016.25,159510.25,494,159032.5,159131.5,99,158121.5,158619.25,497.75,158158,158257.75,99.75
159926.75,160420.25,493.5,159937.5,160036.5,99,159718,160211.75,493.75,159740.5,159839.5,99,158839.75,159337.5,497.75,158860.5,158960,99.5
160628.25,161121.75,493.5,160640,160739,99,160418.5,160913,494.5,160437,160536,99,159540.75,160022.25,481.5,159562.75,159662.5,99.75
161328.5,161823,494.5,161342.25,161441.75,99.5,161138.25,161614.75,476.5,161145.25,161244.25,99,160242.5,160757,514.5,160265.25,160364.75,99.5
162031.75,162524.75,493,162044.5,162143.75,99.25,161822.75,162316,493.25,161853.5,161952.5,99,160944.25,161442,497.75,160967.5,161067.25,99.75
162733,163226.25,493.25,162747,162846,99,162541,163034.25,493.25,162561.75,162660.5,98.75,161645.75,162143.5,497.75,161667,161766.5,99.5
163434.25,163927.75,493.5,163449.5,163548.5,99,163242.5,163735.75,493.25,163258.25,163357.5,99.25,162347.5,162844.75,497.25,162369.5,162469.25,99.75
164135.75,164629,493.25,164151.75,164250.75,99,163960.5,164437.25,476.75,163966.5,164065.5,99,163065.5,163546.25,480.75,163072,163171.25,99.25
164837,165330.75,493.75,164854.25,164953.25,99,164645.25,165138.75,493.5,164663,164762.25,99.25,163750.25,164247.75,497.5,163774.25,163873.5,99.25
165537.5,166032,494.5,165556.5,165655.5,99,165363.5,165840.25,476.75,165371.25,165470.25,99,164451.75,164949.5,497.75,164476.5,164576.25,99.75
166240.75,166733.75,493,166253.25,166352.25,99,166048,166541.75,493.75,166079.5,166177.75,98.25,165153.25,165651,497.75,165179,165278.75,99.75
166942,167435.25,493.25,166955.5,167054,98.5,166749.75,167243.25,493.5,166776,166875.25,99.25,165854.5,166352.25,497.75,165881.5,165981,99.5
167643.5,168136.75,493.25,167663.5,167762.75,99.25,167467.5,167961.25,493.75,167484.25,167583.25,99,166556,167054,498,166583.75,166683.5,99.75
168344.75,168838,493.25,168366.25,168465.25,99,168169.5,168663,493.5,168192.5,168291.75,99.25,167274.25,167755.5,481.25,167286.25,167385.25,99
169046,169539.5,493.5,169068.5,169167.5,99,168887.5,169364.5,477,168889,168988,99,167975.75,168456.75,481,167988.75,168088.25,99.5
169746.5,170241,494.5,169770.75,169869.25,98.5,169588.5,170066,477.5,169597.25,169695.5,98.25,168660.25,169158.5,498.25,168691,168790.5,99.5
170449.75,170942.5,492.75,170473.25,170572.5,99.25,170273.25,170767.5,494.25,170305.25,170404.5,99.25,169361.5,169860,498.5,169393.25,169492.5,99.25
171151,171644.25,493.25,171175.75,171274,98.25,170991.25,171485.75,494.5,171002,171101,99,170080.5,170561.25,480.75,170095.75,170195.25,99.5
171852.25,172345.5,493.25,171878,171977,99,171692.75,172187.25,494.5,171710.25,171809.25,99,170765.25,171262.75,497.5,170798.25,170897.75,99.5
172570.25,173063.75,493.5,172580.5,172679.5,99,172395.25,172888.75,493.5,172418.25,172517.25,99,171467,171964.25,497.25,171500.5,171600.25,99.75
173271.75,173765.25,493.5,173282.75,173381.25,98.5,173097,173590.25,493.25,173115,173214,99,172168.25,172665.75,497.5,172202.75,172302.75,100
173973.25,174466.75,493.5,173985,174084.25,99.25,173815,174291.75,476.75,173823.25,173921.5,98.25,172886.5,173367.25,480.75,172905.25,173004.5,99.25
174675.25,175168.25,493,174687.5,174786,98.5,174499.75,174993.25,493.5,174531.25,174630.25,99,173571.25,174068.75,497.5,173607.75,173707.25,99.5
175376.5,175869.75,493.25,175390,175489.25,99.25,175201.25,175694.75,493.5,175228,175327,99,174272.5,174770.25,497.75,174307.25,174406.25,99
176078,176571.25,493.25,176092.5,176191.5,99,175919,176413,494,175936,176035.25,99.25,174990.75,175471.75,481,175009.5,175109.25,99.75
176779.25,177272.75,493.5,176794.75,176893.75,99,176620.5,177114.25,493.75,176644.25,176743.25,99,175692.25,176190,497.75,175712,175811.75,99.75
177480.75,177974.25,493.5,177491.25,177590.5,99.25,177322,177815.75,493.75,177340.75,177440,99.25,176410.5,176891.5,481,176417.25,176516.25,99
178181.5,178675.75,494.25,178199.5,178298.5,99,178040.5,178517.25,476.75,178049,178148.25,99.25,177095.5,177593,497.5,177119.75,177219.25,99.5
178884.25,179377.25,493,178896.25,178995.25,99,178725,179218.75,493.75,178745.75,178844.75,99,177797,178294.5,497.5,177822,177921.5,99.5
179585.75,180078.75,493,179598.5,179697.5,99,179426,179920.25,494.25,179454,179553,99,178515.25,178995.75,480.5,178524.5,178623.5,99
180286.75,180780.25,493.5,180301,180400,99,180128,180621.75,493.75,180162,180261,99,179200,179697.25,497.25,179226.75,179326.5,99.75
180988.25,181481.75,493.5,181003.25,181102.25,99,180846.25,181340,493.75,180858.5,180957,98.5,179901.5,180399,497.5,179929.25,180028.25,99
181689.75,182183.25,493.5,181705.75,181805,99.25,181548,182041.5,493.5,181566.75,181665.75,99,180602.75,181100.5,497.75,180628.75,180728.25,99.5
182390.75,182884.75,494,182408,182507,99,182248.25,182743,494.75,182275,182373.25,98.25,181304.25,181802,497.75,181331,181430.75,99.75
183092,183586.25,494.25,183110.5,183209.5,99,182951.25,183444.5,493.25,182971.5,183070.75,99.25,182005.75,182503.5,497.75,182033.5,182133,99.5
183794.75,184287.75,493,183812.75,183911.75,99,183652.75,184146,493.25,183679.75,183778.75,99,182707.25,183205,497.75,182735.75,182835.5,99.75
184496,184989.25,493.25,184515.25,184613.5,98.25,184354,184847.5,493.5,184388,184487.5,99.5,183425.25,183906.5,481.25,183438.25,183537.5,99.25
185197.25,185690.75,493.5,185217.5,185316.5,99,185072,185565.75,493.75,185084.75,185183.5,98.75,184109.75,184608,498.25,184140.5,184240.25,99.75
185898.75,186392.25,493.5,185925.75,186025,99.25,185773.75,186267.25,493.5,185792.75,185891.75,99,184812,185309.5,497.5,184843,184942.5,99.5
186600,187093.75,493.75,186628.25,186727.25,99,186475.25,186968.75,493.5,186501,186600.25,99.25,185530,186010.75,480.75,185545.5,185644.75,99.25
187317.5,187811.75,494.25,187330.5,187429.5,99,187176.5,187670.25,493.75,187197.5,187296.5,99,186231.75,186712.25,480.5,186247.75,186347,99.25
188020.5,188513.5,493,188033,188132,99,187878,188371.75,493.75,187894.25,187993.25,99,186916.5,187413.75,497.25,186950.25,187049.25,99
188721.75,189215,493.25,188735.5,188833.75,98.25,188579.5,189073.25,493.75,188602.25,188701.25,99,187617.75,188115.25,497.5,187652.5,187752.25,99.75
189423.25,189916.5,493.25,189437.75,189536.75,99,189280.75,189774.75,494,189310.5,189409.5,99,188319.25,188817,497.75,188355,188454,99
190124.5,190617.75,493.25,190140.25,190239.25,99,189999.25,190476,476.75,190007,190106.25,99.25,189020.75,189518.5,497.75,189057.25,189157,99.75
190826,191319.25,493.25,190842.5,190941.5,99,190700.5,191177.5,477,190715.25,190814.25,99,189722.25,190220,497.75,189756.75,189856.25,99.5
191526.75,192020.75,494,191539.25,191638.25,99,191385.5,191879,493.5,191412,191511,99,190440.25,190921.5,481.25,190459.25,190559,99.75
192229.25,192722.25,493,192241.5,192340.5,99,192103.5,192597.25,493.75,192120,192219,99,191141.75,191656.5,514.75,191161.5,191261.25,99.75
192931,193424,493,192943.75,193042.25,98.5,192805,193298.75,493.75,192828.25,192926.5,98.25,191843,192341.25,498.25,191864,191963,99
193632,194125.5,493.5,193646.25,193744.75,98.5,193506.25,194000.25,494,193524.75,193624,99.25,192561.75,193042.5,480.75,192566.5,192666,99.5
194333.5,194827,493.5,194348.75,194447,98.25,194224.5,194701.75,477.25,194233,194332,99,193246.75,193744,497.25,193268.75,193368.25,99.5
195034.75,195528.25,493.5,195051,195150.25,99.25,194909,195403.25,494.25,194941.25,195040.25,99,193964.75,194445.25,480.5,193971.25,194072.5,101.25
195736.25,196229.75,493.5,195753.5,195851.75,98.25,195627.5,196121.5,494,195637.75,195737.25,99.5,194666.25,195147,480.75,194673.5,194772.75,99.25
196437,196931.25,494.25,196456,196555,99,196329,196822.75,493.75,196346,196444.25,98.25,195351,195848.5,497.5,195376,195475.5,99.5
197139.75,197632.75,493,197152.5,197251.5,99,197047,197524.5,477.5,197054.25,197153.75,99.5,196052.25,196550.25,498,196078.25,196177.75,99.5
197841.5,198334.25,492.75,197855,197953.75,98.75,197731.75,198226,494.25,197750.75,197849,98.25,196753.75,197251.5,497.75,196780.75,196880.5,99.75
198542.75,199035.75,493,198557.25,198656.25,99,198450.25,198927.5,477.25,198459,198558,99,197454.75,197953.25,498.5,197486,197584.5,98.5
199243.75,199737.5,493.75,199259.5,199358.75,99.25,199134,199629,495,199167.25,199265.5,98.25,198157,198654.75,497.75,198188.25,198288,99.75
199945.5,200438.75,493.25,199962,200061,99,199853.25,200347.25,494,199863.75,199962.75,99,198858.5,199355.75,497.25,198890.75,198990.25,99.5
200646.25,201140.25,494,200664.25,200763.5,99.25,200554.5,201048.75,494.25,200572,200671,99,199560,200057.25,497.25,199590.25,199689.25,99
201347.25,201841.75,494.5,201366.75,201465.75,99,201256.25,201750.25,494,201280,201379.25,99.25,200261.5,200759,497.5,200292.75,200391.75,99
202050.25,202543.25,493,202069.25,202167.5,98.25,201957.25,202451.5,494.25,201976.75,202076.25,99.5,200962.75,201460.5,497.75,200995,201094.75,99.75
202751.75,203244.75,493,202771.75,202870,98.25,202675.5,203153.25,477.75,202685,202784,99,201664.25,202162,497.75,201697.5,201797,99.5
203453,203946.25,493.25,203473.75,203573,99.25,203360,203854.75,494.75,203393,203492.25,99.25,202365.75,202880.25,514.5,202399.75,202499.5,99.75
204154.25,204647.75,493.5,204176.25,204274.75,98.5,204063,204556.25,493.25,204089.75,204188.75,99,203067.25,203565.25,498,203102.25,203201.75,99.5
204855.75,205349.25,493.5,204878.75,204977,98.25,204781.25,205274.25,493,204798,204896.25,98.25,203769,204266.5,497.5,203804.5,203904.25,99.75
205557.25,206050.75,493.5,205581,205680.25,99.25,205482.75,205976,493.25,205506.25,205605.25,99,204487.25,204967.75,480.5,204504,204603.25,99.25
206274.5,206769,494.5,206283.5,206381.75,98.25,206184,206677.5,493.5,206202.5,206301.75,99.25,205188.75,205669.25,480.5,205206.5,205306,99.5
206976.5,207470.5,494,206985.75,207085.25,99.5,206885.5,207378.75,493.25,206910.75,207010,99.25,205873.5,206371,497.5,205909,206008.5,99.5
207679,208172,493,207688.25,207787.25,99,207586.75,208080.5,493.75,207607.5,207706.5,99,206591.5,207089.25,497.75,206611.25,206711,99.75
208380.25,208873.5,493.25,208390.5,208489.75,99.25,208288.25,208782,493.75,208315.5,208414.75,99.25,207293,207790.75,497.75,207313.75,207412.75,99
209081.5,209575,493.5,209093,209191.5,98.5,209006.5,209500.25,493.75,209023.75,209122.75,99,207994.5,208492.25,497.75,208016,208115.75,99.75
209783,210276.5,493.5,209795.5,209894.5,99,209707.75,210201.5,493.75,209732,209830.5,98.5,208713,209193.75,480.75,208718.5,208818,99.5
210484.5,210978,493.5,210497.75,210596.25,98.5,210409,210903,494,210428.5,210527.75,99.25,209414.25,209895,480.75,209420.75,209520.5,99.75
211185.75,211679.25,493.5,211200.25,211299.25,99,211110.75,211604.5,493.75,211136.75,211235.75,99,210099,210596.5,497.5,210123.25,210221.75,98.5
211886.5,212381,494.5,212001.25,212099.5,98.25,211812.5,212306,493.5,211938,212037,99,210800.5,211298.25,497.75,210924.25,211024,99.75
212589.5,213082.5,493,212703.75,212802.75,99,212513.75,213007.5,493.75,212634.5,212732.75,98.25,211518.5,211999.75,481.25,211626.75,211726.25,99.5
213291,213784,493,213406,213505,99,213215,213709,494,213342.75,213441.75,99,212203.5,212701.25,497.75,212332,212431.75,99.75
213992,214485.5,493.5,214108.5,214207.5,99,213916,214410.5,494.5,214039.25,214138.25,99,212904.5,213402.75,498.25,213034.25,213134,99.75
214693.5,215187,493.5,214805,214903.25,98.25,214635.5,215112,476.5,214747.5,214846.5,99,213623.25,214104,480.75,213736.75,213837.5,100.75
215394.75,215888.25,493.5,215507.5,215606.5,99,215337,215830.25,493.25,215455.75,215554,98.25,214308.25,214805.5,497.25,214439,214538.5,99.5
216096.5,216590,493.5,216209.75,216308.75,99,216038.25,216531.75,493.5,216152.25,216251.75,99.5,215009.5,215507.25,497.75,215141.5,215241,99.5
216797,217291.5,494.5,216912.25,217011.25,99,216739.75,217233.25,493.5,216860.5,216959.5,99,215711,216208.75,497.75,215843.75,215943.75,100
217498.25,217992.75,494.5,217614.75,217714.25,99.5,217441,217934.75,493.75,217568.75,217667.5,98.75,216429,216910.25,481.25,216546.25,216645.75,99.5
218201.25,218694.5,493.25,218317,218415.25,98.25,218142.75,218636.25,493.5,218265.25,218363.5,98.25,217113.75,217611.75,498,217245.75,217345.25,99.5
218902.75,219396,493.25,219019.25,219118.5,99.25,218844,219337.75,493.75,218973.5,219072.5,99,217815.5,218313,497.5,217948.25,218047.5,99.25
219603.75,220097.5,493.75,219721.75,219820,98.25,219562,220055.75,493.75,219681.5,219780,98.5,218517.25,219014.5,497.25,218653.5,218753,99.5
220305.5,220798.75,493.25,220424,220523.25,99.25,220263.75,220757.25,493.5,220378.25,220476.5,98.25,219218.5,219716.25,497.75,219355.75,219455.5,99.75
221007,221500.25,493.25,221126.5,221225.5,99,220964.25,221458.75,494.5,221086.5,221184.75,98.25,219920,220434.5,514.5,220055.25,220155,99.75
221707.75,222201.75,494,221829,221928.5,99.5,221666,222160.25,494.25,221794.5,221893.5,99,220638,221135.75,497.75,220757.75,220857.5,99.75
222410.25,222903.25,493,222531.25,222630.25,99,222367.25,222861.75,494.5,222491,222590,99,221339.5,221837.5,498,221460,221559.75,99.75
223111.75,223605,493.25,223239.5,223338.5,99,223086.75,223563.5,476.75,223199.25,223298.25,99,222041.25,222538.75,497.5,222162.5,222261.5,99
223813.25,224306.5,493.25,223936,224035,99,223771.5,224265,493.5,223896,223994.25,98.25,222742.75,223240.25,497.5,222865,222964.5,99.5
224531.5,225024.5,493,224638.5,224737.5,99,224489.75,224983.25,493.5,224604,224703.5,99.5,223444,223941.75,497.75,223567.25,223666.25,99
225232.5,225726,493.5,225346.75,225446,99.25,225190.75,225684.5,493.75,225312.25,225411.25,99,224145.75,224643.25,497.5,224269.75,224368.75,99
225934.25,226427.5,493.25,226049,226148,99,225892.25,226386,493.75,226020.5,226119.5,99,224863.75,225345,481.25,224972,225071.25,99.25
226635.25,227129,493.75,226751.5,226850.5,99,226594,227087.5,493.5,226728.75,226828.25,99.5,225548.75,226046,497.25,225674.5,225774,99.5
227336.75,227830.5,493.75,227454,227552.75,98.75,227311.25,227805.75,494.5,227425.25,227524.25,99,226267,226747.5,480.5,226376.75,226475.25,98.5
228039,228532,493,228156.25,228255.25,99,228012.25,228507.25,495,228133.5,228232.5,99,226968.5,227449.25,480.75,227079.25,227179,99.75
228740.5,229233.5,493,228858.5,228957,98.5,228715.5,229208.75,493.25,228830,228929,99,227653,228150.75,497.75,227784.5,227884.25,99.75
229441.75,229935,493.25,229561,229659.25,98.25,229416.75,229910.25,493.5,229538.25,229637.25,99,228354.25,228852.25,498,228487,228586.5,99.5
230143,230636.5,493.5,230257.5,230356,98.5,230118.25,230611.75,493.5,230246.5,230345.5,99,229056.25,229553.75,497.5,229189.25,229288.75,99.5
230844.75,231338,493.25,230960,231059,99,230836.25,231330,493.75,230954.75,231053.75,99,229757.75,230255,497.25,229888.75,229988.5,99.75
231545.75,232039.5,493.75,231662.25,231761.25,99,231554.5,232031.25,476.75,231651.25,231750.25,99,230459.25,230956.75,497.5,230591.25,230691,99.75
232247.5,232741,493.5,232364.75,232463.75,99,232239,232732.75,493.75,232359.5,232457.75,98.25,231177.25,231658.25,481,231296.5,231395.5,99
232949.5,233442.5,493,233067.25,233166.25,99,232940.5,233434.25,493.75,233067.5,233166,98.5,231878.75,232359.75,481,231996,232095.5,99.5
233651,234144,493,233769.5,233868.5,99,233641,234136,495,233764.25,233863.25,99,232563.5,233061.25,497.75,232698.25,232798,99.75
234352.25,234845.5,493.25,234471.75,234570.25,98.5,234344.25,234837.25,493,234472.5,234571.5,99,233282,233779.25,497.25,233400.75,233500.5,99.75
235053.5,235547,493.5,235174.25,235273.75,99.5,235045.25,235539,493.75,235169,235268.25,99.25,233983.5,234481,497.5,234103,234204.25,101.25
235755,236248.5,493.5,235876.75,235975,98.25,235746.5,236240.5,494,235877.25,235976.75,99.5,234684.75,235182.5,497.75,234805.5,234905.25,99.75
236456.25,236950,493.75,236579,236677.5,98.5,236464.75,236958.5,493.75,236585.25,236684.75,99.5,235403,235884,481,235510.75,235610.5,99.75
237158,237651.5,493.5,237281.25,237379.75,98.5,237166.25,237660,493.75,237282,237381,99,236087.75,236585.5,497.75,236210.25,236309.5,99.25
237876.75,238369.75,493,237989.5,238088,98.5,237867.5,238361.5,494,237990,238089,99,236789.5,237286.75,497.25,236915.5,237014.75,99.25
238578.25,239071.25,493,238686.25,238785.25,99,238586.5,239063,476.5,238686.75,238785.75,99,237490.75,237988.5,497.75,237615,237714.75,99.75
239279.5,239772.75,493.25,239388.75,239487,98.25,239271.25,239764.5,493.25,239395,239494,99,238192.25,238690,497.75,238317.5,238416.5,99
239980.5,240474.25,493.75,240091,240190.25,99.25,239972.5,240466.25,493.75,240103,240202.25,99.25,238893.75,239391.5,497.75,239022.75,239122.5,99.75
240682.25,241175.75,493.5,240793.5,240892.5,99,240674,241167.5,493.5,240799.75,240898.75,99,239595,240093,498,239725,239824.75,99.75
241383.5,241877,493.5,241495.75,241594.75,99,241375.5,241869,493.5,241507.75,241607,99.25,240296.75,240794.25,497.5,240427.5,240527,99.5
242084,242578.75,494.75,242198.25,242296.5,98.25,242093.75,242587.25,493.5,242216.25,242315.25,99,240998.5,241495.75,497.25,241130,241229.5,99.5
242787,243280.25,493.25,242900.5,242999.5,99,242811.25,243288.75,477.5,242912.75,243012,99.25,241699.75,242197.5,497.75,241832.25,241932,99.75
243488.5,243981.75,493.25,243603,243701.25,98.25,243496.75,243990.25,493.5,243620.75,243720,99.25,242418,242899,481,242534.75,242633.75,99
244190,244683.25,493.25,244305.25,244404.5,99.25,244198.5,244691.75,493.25,244329,244428,99,243102.5,243600.5,498,243237,243336.25,99.25
244891.25,245384.5,493.25,245007.75,245106,98.25,244900,245393.25,493.25,245025.75,245124.75,99,243804.5,244301.75,497.25,243939.5,244039.25,99.75
245592.75,246086,493.25,245710,245811.25,101.25,245601.25,246094.75,493.5,245733.75,245832.75,99,244505.75,245003,497.25,244639,244738.75,99.75
246294,246787.75,493.75,246412.5,246511.5,99,246319,246813,494,246442,246540.25,98.25,245224,245704.75,480.75,245341.25,245441,99.75
246996,247489,493,247115,247214,99,247037.25,247514.25,477,247138.5,247237.5,99,245908.75,246406.5,497.75,246043.75,246143.25,99.5
247697.5,248190.75,493.25,247817.25,247916.25,99,247721.75,248216,494.25,247846.75,247945.75,99,246643.25,247124.5,481.25,246746.25,246845.75,99.5
248398.75,248892.25,493.5,248519.75,248619,99.25,248422.25,248917.5,495.25,248543.5,248641.75,98.25,247328.5,247825.75,497.25,247451.5,247550.75,99.25
249100,249593.75,493.75,249222,249320.5,98.5,249125.5,249619,493.5,249251.5,249350.75,99.25,248030,248527.25,497.25,248153.75,248253.5,99.75
249801.75,250295,493.25,249924.5,250022.75,98.25,249827,250320.5,493.5,249948.25,250047.25,99,248731.25,249229,497.75,248853.25,248952.5,99.25
250502.75,250996.5,493.75,250626.75,250726.5,99.75,250528.25,251022,493.75,250656.25,250755.25,99,249432.75,249930.5,497.75,249555.75,249655.25,99.5
251221.25,251714.75,493.5,251329.25,251428.25,99,251229.5,251723.5,494,251364.5,251463.5,99,250134,250632.25,498.25,250258,250357.25,99.25
251923.25,252416.25,493,252031.75,252130,98.25,251948,252441.5,493.5,252061.25,252160.25,99,250852.75,251333.25,480.5,250960.5,251060.25,99.75
252624.75,253117.75,493,252734,252832.5,98.5,252665.5,253143,477.5,252769.25,252867.75,98.5,251554.25,252035,480.75,251663,251762.25,99.25
253325.75,253819.25,493.5,253436.5,253535.5,99,253350,253844.5,494.5,253477.5,253576.5,99,252238.75,252736.5,497.75,252365.25,252465,99.75
254027.25,254520.75,493.5,254138.75,254237.75,99,254052.75,254546,493.25,254174,254273,99,252940.25,253438.25,498,253067.75,253167.25,99.5
254728.5,255222.25,493.75,254841.25,254940.25,99,254754.25,255247.5,493.25,254882.25,254981.25,99,253641.75,254139.5,497.75,253773,253872.5,99.5
255429.5,255923.75,494.25,255543.5,255642,98.5,255455.25,255949,493.75,255578.75,255678,99.25,254343.5,254840.75,497.25,254472.25,254573.25,101
256132.25,256625.25,493,256246,256345,99,256173.5,256667.25,493.75,256287,256386,99,255045,255542.5,497.5,255174.75,255274.25,99.5
256833.75,257326.75,493,256948.25,257046.75,98.5,256891.75,257368.75,477,256995.25,257094.75,99.5,255763,256244,481,255877.25,255976.75,99.5
257534.75,258028.25,493.5,257650.75,257749.75,99,257576.5,258070.25,493.75,257703.5,257802.5,99,256464.25,256945.5,481.25,256579.5,256679.25,99.75
258236.25,258729.75,493.5,258353,258452.25,99.25,258278.5,258771.75,493.25,258411.5,258510.75,99.25,257149.5,257647,497.5,257282,257381.25,99.25
258937.5,259431.25,493.75,259055.5,259153.75,98.25,258979.75,259473.25,493.5,259108.25,259207.25,99,257851,258348.25,497.25,257984.25,258083.5,99.25
259639.75,260132.75,493,259758,259857,99,259714.75,260191.5,476.75,259816.5,259914.75,98.25,258552.5,259050,497.5,258686.75,258786.25,99.5
260341,260834.25,493.25,260460.25,260561.25,101,260399,260893,494,260524.75,260623,98.25,259253.75,259768,514.25,259389,259488.5,99.5
261042.25,261535.75,493.5,261162.5,261261.75,99.25,261100.25,261594.5,494.25,261221.25,261320.25,99,259955.25,260453,497.75,260091.5,260191.25,99.75
261743.75,262237.25,493.5,261865,261964,99,261801,262296,495,261929.25,262027.75,98.5,260673.75,261171,497.25,260793.75,260893.5,99.75
262445,262938.75,493.75,262561.75,262660.75,99,262504.25,262997.5,493.25,262626,262725,99,261375,261872.75,497.75,261496.25,261596,99.75
263145.75,263640.25,494.5,263264,263363,99,263222,263699,477,263334.25,263433.25,99,262093,262574.25,481.25,262198.75,262298.5,99.75
263848.5,264341.75,493.25,263966.5,264065.5,99,263906.5,264400.5,494,264030.75,264130.25,99.5,262778,263275.75,497.75,262901,263000.5,99.5
264550,265043.25,493.25,264668.75,264767.25,98.5,264608.25,265102,493.75,264739,264837.25,98.25,263479.25,263977.25,498,263603.5,263703,99.5
265251.25,265744.75,493.5,265377,265475.25,98.25,265343,265820,477,265447,265546.25,99.25,264198,264678.5,480.5,264305.75,264405,99.25
265952.75,266446.25,493.5,266079.5,266177.75,98.25,266028.25,266521.5,493.25,266143.75,266243,99.25,264899.25,265380.25,481,265008.25,265107.75,99.5
266670.75,267164.5,493.75,266781.75,266880.75,99,266729.5,267223.25,493.75,266852,266950.25,98.25,265584,266081.75,497.75,265710.5,265810,99.5
267371.25,267865.75,494.5,267484.25,267583.25,99,267447.5,267924.5,477,267560,267659.25,99.25,266285.5,266783.25,497.75,266413,266512.75,99.75
268074.25,268567.5,493.25,268186.5,268285.75,99.25,268132.5,268626,493.5,268256.75,268356,99.25,266987,267484.5,497.5,267115.5,267214.5,99
268775.75,269269,493.25,268889,268988,99,268833,269327.5,494.5,268964.75,269064.25,99.5,267688.5,268186,497.5,267817.75,267918.75,101
269477.25,269970.5,493.25,269591.25,269689.75,98.5,269552.5,270045.75,493.25,269661.5,269759.75,98.25,268390,268887.5,497.5,268520.25,268619.25,99
270178.5,270671.75,493.25,270288,270387,99,270253.75,270747.25,493.5,270369.5,270468.75,99.25,269091.5,269589.25,497.75,269222.5,269322,99.5
270880,271373.25,493.25,270990.25,271089.25,99,270955,271448.75,493.75,271078,271177,99,269792.25,270290.75,498.5,269925,270023.5,98.5
271580.5,272074.75,494.25,271692.75,271791,98.25,271673.25,272150.25,477,271786,271885,99,270494.5,270992,497.5,270627.25,270727,99.75
272283.25,272776.25,493,272395,272493.5,98.5,272357.75,272851.75,494,272482.5,272581.75,99.25,271196,271693.5,497.5,271329.75,271429.5,99.75
272985,273477.75,492.75,273097.5,273196.5,99,273076.75,273570,493.25,273190.75,273289.75,99,271897.25,272395,497.75,272032,272131.75,99.75
273686.25,274179.5,493.25,273800,273899,99,273778,274271.5,493.5,273899,273998,99,272598.75,273096.75,498,272731.5,272831,99.5
274387.5,274880.75,493.25,274502.25,274600.5,98.25,274479.25,274973,493.75,274595.5,274694.75,99.25,273317,273798.25,481.25,273434,273533.5,99.5
275089,275582.25,493.25,275204.5,275303.75,99.25,275180.25,275674.25,494,275303.75,275402,98.25,274002,274499.25,497.25,274136.5,274236,99.5
275790,276283.75,493.75,275907,276006,99,275899.25,276376,476.75,276000.5,276099.5,99,274703.5,275217.75,514.25,274838.75,274937.75,99
276492.25,276985.25,493,276603.5,276702,98.5,276584.25,277077.5,493.25,276708.5,276807.75,99.25,275421.5,275902.5,481,275541.25,275640.5,99.25
277193.75,277687,493.25,277311.75,277410.75,99,277301.75,277795.5,493.75,277416.75,277515.75,99,276123,276620.75,497.75,276243.5,276343,99.5
277895,278388.5,493.5,278008.5,278107.5,99,278003.5,278497,493.5,278113.25,278212.25,99,276824.5,277322.25,497.75,276946,277045.5,99.5
278596.5,279089.75,493.25,278710.75,278809.75,99,278704.75,279198.5,493.75,278821.5,278920.5,99,277543,278023.5,480.5,277648.25,277748,99.75
279297.75,279791.25,493.5,279413.25,279511.5,98.25,279406.75,279900,493.25,279529.75,279629.25,99.5,278227.75,278725.25,497.5,278350.75,278450.5,99.75
279999.25,280492.75,493.5,280115.5,280214.5,99,280108,280601.75,493.75,280238,280337,99,278929,279426.75,497.75,279053,279152.75,99.75
280700.75,281194.25,493.5,280823.75,280923,99.25,280809.5,281303,493.5,280934.5,281033.5,99,279630.5,280128.25,497.75,279755.5,279855.25,99.75
281403,281895.75,492.75,281526.25,281625.25,99,281527.25,282021.25,494,281642.75,281743.75,101,280332,280829.75,497.75,280458,280557.25,99.25
282104.25,282597.25,493,282576.75,282676.25,99.5,282229.25,282722.75,493.5,282699.25,282798.25,99,281033.75,281531,497.25,281511.5,281610.5,99
282905.75,283399,493.25,283383.75,283482.75,99,283031.25,283524.5,493.25,283500.25,283598.5,98.25,281852,282333,481,282312.5,282412.25,99.75
283724,284217.25,493.25,284184.75,284283.75,99,283832.5,284326,493.5,284301.25,284400.5,99.25,282637,283134.75,497.75,283113.5,283213,99.5
284525.75,285019,493.25,284986,285084.75,98.75,284634,285128,494,285102.25,285201.75,99.5,283438.5,283936.5,498,283914.75,284014.5,99.75
285326.25,285820.75,494.5,285787,285886,99,285434.75,285929.75,495,285903.5,286002.75,99.25,284240.5,284737.75,497.25,284715.75,284815.5,99.75
286129.25,286622.5,493.25,286594,286692.75,98.75,286238,286731.5,493.5,286716.25,286815.25,99,285042.25,285539.75,497.5,285519.75,285619.25,99.5
286931.25,287424.25,493,287395,287494,99,287039.25,287533,493.75,287517.25,287616.25,99,285843.75,286341.5,497.75,286320.75,286420.5,99.75
287732.75,288226,493.25,288196,288295,99,287857.75,288334.75,477,288318.25,288417.75,99.5,286645.5,287143.25,497.75,287122,287221,99
288534.25,289027.75,493.5,288997,289096,99,288658.75,289153.25,494.5,289131,289230,99,287463.75,287945,481.25,287926,288025.5,99.5
289336,289829.25,493.25,289798,289897.25,99.25,289461.75,289955,493.25,289932,290031.5,99.5,288249,288746.5,497.5,288727,288826.75,99.75
290137.5,290631,493.5,290605,290706,101,290263,290756.75,493.75,290733.25,290832.25,99,289050.75,289548.25,497.5,289531,289630.5,99.5
290938.5,291432.75,494.25,291406,291504.5,98.5,291064.75,291558,493.25,291534.25,291633.25,99,289852.5,290350,497.5,290332,290431,99
291741.5,292234.5,493,292207,292306,99,291882.25,292360,477.75,292346.75,292446,99.25,290670.75,291151.75,481,291136,291235.5,99.5
292543.25,293036.25,493,293008,293107.25,99.25,292685.25,293178.25,493,293148,293247,99,291472.75,291970,497.25,291937,292036.75,99.75
293345,293838,493,293809.25,293908.25,99,293486.75,293980.25,493.5,293949,294048,99,292274.5,292755,480.5,292738,292837.25,99.25
294146.5,294639.75,493.25,294610.25,294709.25,99,294288,294781.75,493.75,294750,294849.25,99.25,293059.25,293556.75,497.5,293539,293638.75,99.75
294947.75,295441.5,493.75,295417.25,295516.25,99,295089.5,295583.5,494,295551.25,295650.25,99,293894.25,294358.75,464.5,294343,294442.75,99.75
295749.5,296243,493.5,296218.25,296317.25,99,295890.75,296385.25,494.5,296363.75,296462.75,99,294662.5,295160.5,498,295144.25,295243.75,99.5
296551.25,297044.75,493.5,297019.25,297118.5,99.25,296693.5,297187,493.5,297165,297264,99,295464.25,295962,497.75,295945.25,296045,99.75
297352.75,297846.5,493.75,297820.25,297921.5,101.25,297511.5,297988.75,477.25,297966,298065,99,296266.25,296763.5,497.25,296749.25,296849,99.75
298154.5,298648.25,493.75,298621.5,298720.5,99,298296.75,298790.5,493.75,298767,298866,99,297068,297565.25,497.25,297550.25,297650,99.75
298955.5,299450,494.5,299422.5,299521.5,99,299098,299592,494,299568.25,299667.25,99,297869.5,298367.25,497.75,298351.25,298450.5,99.25
299758.5,300251.75,493.25,300229.25,300327.75,98.5,299900.5,300393.75,493.25,300380.75,300479.75,99,298671,299169,498,299152.5,299253.75,101.25
300560,301053.5,493.5,301030.5,301128.75,98.25,300702,301195.5,493.5,301182,301281,99,299473,299970.25,497.25,299956.5,300056,99.5
301361.75,301855,493.25,301837.25,301936.5,99.25,301520.25,302014,493.75,301983,302082,99,300274.75,300772.25,497.5,300760.5,300860,99.5
302163.5,302656.75,493.25,302638.5,302736.75,98.25,302305.25,302798.75,493.5,302784,302883,99,301076.25,301574,497.75,301561.5,301660.75,99.25
302981.75,303475,493.25,303439.5,303537.75,98.25,303122.75,303617.25,494.5,303585,303683.5,98.5,301894.75,302392.5,497.75,302365.5,302465,99.5
303783.25,304276.75,493.5,304246.5,304344.75,98.25,303925.75,304419,493.25,304397.75,304496.75,99,302713,303194,481,303166.5,303266.25,99.75
304584,305078.5,494.5,305047.5,305146.5,99,304727.25,305220.75,493.5,305198.75,305298,99.25,303498.25,303978.75,480.5,303970.5,304070.25,99.75
305387.25,305880.25,493,305848.5,305947.5,99,305528.75,306022.5,493.75,305999.75,306099,99.25,304300,304797.5,497.5,304771.5,304871.25,99.75
306189,306682,493,306649.5,306748,98.5,306330.5,306824,493.5,306801,306900,99,305101.5,305599.25,497.75,305575.5,305674.75,99.25
306990.5,307483.75,493.25,307456.5,307555.75,99.25,307131.75,307626,494.25,307602,307701.25,99.25,305920,306400.75,480.75,306379.5,306479,99.5
307791.75,308285.5,493.75,308257.5,308356.5,99,307933.5,308427.5,494,308403,308502.25,99.25,306704.25,307202.75,498.5,307180.5,307280.25,99.75
308593.5,309087,493.5,309058.5,309157.75,99.25,308736,309229.25,493.25,309215.75,309314.75,99,307506.75,308004,497.25,307984.5,308084.25,99.75
309395.25,309888.75,493.5,309859.75,309958,98.25,309537.5,310031,493.5,310017,310116,99,308325.25,308806,480.75,308785.5,308885.25,99.75
310197,310690.5,493.5,310660.75,310760,99.25,310339,310832.75,493.75,310818,310917,99,309126.75,309607.75,481,309589.75,309689.25,99.5
310998.25,311492.25,494,311461.75,311560.25,98.5,311157.5,311634.5,477,311630.75,311729.75,99,309928.5,310409.5,481,310393.5,310493.25,99.75
311801,312294,493,312263,312361.25,98.25,311958.75,312452.75,494,312431.75,312530.75,99,310713.25,311211.25,498,311194.75,311294.25,99.5
312602.75,313095.5,492.75,313064,313163,99,312776.75,313271.25,494.5,313244.5,313343.5,99,311515.25,312012.75,497.5,311998.75,312098.25,99.5
313404,313897.5,493.5,313870.75,313969.25,98.5,313596.5,314073,476.5,314045.5,314144.5,99,312317.25,312814.5,497.25,312805.5,312905.25,99.75
314205.75,314699,493.25,314672,314771,99,314381.25,314874.75,493.5,314858,314956.5,98.5,313135.25,313616.25,481,313603.75,313702.75,99
315007.25,315500.75,493.5,315473,315572.25,99.25,315182.5,315676.25,493.75,315659.25,315758.25,99,313920.25,314418,497.75,314404.75,314503.75,99
315809,316302.5,493.5,316274,316372.5,98.5,315984.5,316478,493.5,316460.25,316559.25,99,314738.75,315219.75,481,315205.75,315305.5,99.75
316610.5,317104.25,493.75,317075,317173.5,98.5,316802.5,317296.5,494,317273,317372,99,315524,316021.25,497.25,316009.75,316109,99.25
317411.75,317906,494.25,317876.25,317975.25,99,317605,318098.25,493.25,318074,318173.25,99.25,316325.5,316823,497.5,316810.75,316910,99.25
318215,318707.75,492.75,318677.25,318775.5,98.25,318423,318900,477,318875,318974.25,99.25,317127,317625,498,317612,317711,99
319016.25,319509.5,493.25,319484.25,319583.25,99,319208,319701.5,493.5,319687.75,319786.75,99,317945.5,318426.75,481.25,318413,318512.75,99.75
319817.75,320311,493.25,320285.25,320384.25,99,320009.75,320503.25,493.5,320489,320587.75,98.75,318747.25,319228.25,481,319217,319316,99
320619.25,321112.75,493.5,321086.25,321185.25,99,320827.75,321321.75,494,321290,321389,99,319549,320029.75,480.75,320018,320117.5,99.5
321421,321914.5,493.5,321887.5,321986.5,99,321630.25,322123.5,493.25,322091,322189.25,98.25,320350.75,320865,514.25,320822,320921.75,99.75
322222,322716,494,322688.5,322787.5,99,322448.5,322925.25,476.75,322903.75,323002.75,99,321152.5,321650,497.5,321623.25,321722.25,99
323025,323517.75,492.75,323495.5,323593.75,98.25,323233.25,323726.75,493.5,323704.75,323803.75,99,321970.75,322451.75,481,322424.25,322523.75,99.5
323826.75,324319.5,492.75,324296.5,324394.75,98.25,324034.5,324528.5,494,324505.75,324604.75,99,322756,323253.25,497.25,323228,323327.75,99.75
324628,325121.25,493.25,325103.25,325201.75,98.5,324835.75,325330.25,494.5,325306.75,325406.25,99.5,323557.75,324055,497.25,324029.25,324128.75,99.5
325429.75,325923,493.25,325904.25,326002.75,98.5,325638.75,326132,493.25,326119.5,326218.5,99,324376,324856.75,480.75,324833.25,324932.25,99
326248,326741.5,493.5,326705.5,326803.75,98.25,326440,326933.75,493.75,326920.75,327019.75,99,325177.5,325658.75,481.25,325634.25,325734,99.75
327049.75,327543,493.25,327506.5,327605.5,99,327258.5,327752,493.5,327721.75,327820.75,99,325962.5,326460.5,498,326438.25,326538,99.75
327851.25,328344.75,493.5,328313.25,328412.5,99.25,328059.5,328553.75,494.25,328522.75,328621.25,98.5,326764.5,327262,497.5,327239.25,327339,99.75
328652.5,329146.5,494,329114.5,329213.5,99,328862.25,329355.5,493.25,329335.5,329434.5,99,327566.25,328063.5,497.25,328040.25,328140,99.75
329454,329948.25,494.25,329915.5,330014.5,99,329663.75,330157.25,493.5,330136.5,330235.5,99,328384.5,328865.5,481,328844.25,328944,99.75
330257,330750,493,330716.5,330815.5,99,330465.25,330958.75,493.5,330937.75,331036.75,99,329169.5,329684,514.5,329645.5,329745,99.5
331058.75,331551.75,493,331517.75,331616.75,99,331283.5,331777.25,493.75,331750.25,331849.25,99,329971,330469,498,330446.5,330546,99.5
331860.25,332353.5,493.25,332324.5,332424,99.5,332101.25,332579,477.75,332551.5,332650.75,99.25,330772.25,331270.75,498.5,331250.5,331350.25,99.75
332661.5,333155.25,493.75,333125.5,333224,98.5,332887.5,333380.75,493.25,333364,333463,99,331591.5,332072,480.5,332054.5,332154.25,99.75
333463.5,333956.75,493.25,333926.75,334025.75,99,333689,334182.5,493.5,334165.25,334263.5,98.25,332393.25,332874,480.75,332858.5,332958,99.5
334265.25,334758.5,493.25,334727.75,334826.75,99,334507.25,335000.75,493.5,334977.75,335076.25,98.5,333178,333675.75,497.75,333659.5,333759.25,99.75
335066.5,335560.25,493.75,335528.75,335627.75,99,335308.5,335802.5,494,335779,335878,99,333996.5,334477.5,481,334460.5,334560.25,99.75
335868.25,336362,493.75,336329.75,336429,99.25,336111,336604.25,493.25,336580,336678.25,98.25,334781,335279.25,498.25,335264.5,335364.25,99.75
336669.25,337163.75,494.5,337131,337230,99,336913,337406,493,337381,337480,99,335600.25,336080.75,480.5,336065.5,336165.25,99.75
337472.25,337965.25,493,337932,338030.5,98.5,337714.25,338207.75,493.5,338182,338281,99,336401.75,336882.5,480.75,336869.5,336969.25,99.75
338274,338767,493,338738.75,338838,99.25,338515.75,339009.5,493.75,338994.75,339094,99.25,337186.75,337684.25,497.5,337670.75,337770.25,99.5
339075.5,339568.75,493.25,339540,339639,99,339317,339811,494,339796,339895.25,99.25,337988.25,338486,497.75,338471.75,338570.75,99
339877,340370.5,493.5,340341,340440,99,340134.75,340629.5,494.75,340597,340696,99,338790,339287.75,497.75,339275.75,339375,99.25
340678.75,341172.25,493.5,341142,341241.25,99.25,340938,341431.25,493.25,341409.75,341508.5,98.75,339608.5,340106.25,497.75,340079.75,340179.25,99.5
341480.5,341973.75,493.25,341943.25,342042.25,99,341739.5,342233,493.5,342210.75,342309.75,99,340410.25,340907.75,497.5,340880.75,340980.5,99.75
342281.75,342775.5,493.75,342744.25,342843.25,99,342541,343034.75,493.75,343011.75,343110.75,99,341212,341709.25,497.25,341684.75,341784.25,99.5
343083.5,343577.25,493.75,343545.25,343644.5,99.25,343342.5,343836.25,493.75,343812.75,343911.75,99,342013.75,342511.25,497.5,342485.75,342585.5,99.75
343886,344379,493,344352.25,344451.75,99.5,344160.5,344638,477.5,344625.5,344724.5,99,342815.25,343313,497.75,343289.75,343389.5,99.75
344687.75,345180.75,493,345153.25,345252.25,99,344963.5,345439.75,476.25,345426.5,345525,98.5,343633.5,344131.25,497.75,344090.75,344190.5,99.75
345489.5,345982.5,493,345954.25,346053.5,99.25,345764.75,346258.25,493.5,346227.75,346326.75,99,344435.25,344916.5,481.25,344894.75,344994.5,99.75
346291,346784.25,493.25,346761.25,346859.5,98.25,346566.25,347059.75,493.5,347028.75,347127,98.25,345220.5,345718,497.5,345698.75,345798,99.25
347092.5,347586,493.5,347562.25,347661.5,99.25,347367.75,347861.75,494,347829.75,347928,98.25,346022.25,346519.5,497.25,346499.75,346599.5,99.75
347894.25,348387.5,493.25,348363.5,348461.75,98.25,348170,348663.25,493.25,348642.5,348741.5,99,346840.75,347321.5,480.75,347300.75,347400,99.25
348695.75,349189.25,493.5,349164.5,349263.5,99,348971.75,349465,493.25,349443.5,349542.5,99,347642.25,348123.25,481,348104.75,348204,99.25
349497.25,349991,493.75,349971.25,350069.75,98.5,349773.25,350266.75,493.5,350256.25,350355.5,99.25,348427,348925,498,348909,349008.5,99.5
350299,350792.75,493.75,350772.25,350871.75,99.5,350575,351068.5,493.5,351057.25,351156.25,99,349228.75,349726.75,498,349712.75,349812.5,99.75
351101.25,351594.5,493.25,351573.5,351674.75,101.25,351393.25,351886.75,493.5,351858.5,351957.5,99,350030,350528.5,498.5,350514,350613.5,99.5
351903,352396.25,493.25,352380.25,352479.5,99.25,352194.75,352688.5,493.75,352659.5,352758.5,99,350832.5,351330,497.5,351315,351414.25,99.25
352704.5,353198,493.5,353181.5,353280.5,99,352997,353490.5,493.5,353460.5,353559.5,99,351651,352131.5,480.5,352119,352218.5,99.5
353506.25,353999.5,493.25,353982.5,354080.75,98.25,353798.5,354292,493.5,354261.5,354360.5,99,352452.5,352933.5,481,352923,353022.5,99.5
354307.75,354801.25,493.5,354783.5,354882,98.5,354600,355093.75,493.75,355074.25,355173.5,99.25,353237.5,353751.75,514.25,353727,353826.5,99.5
355126.25,355619.5,493.25,355584.75,355683.75,99,355401.75,355895.5,493.75,355875.25,355974.5,99.25,354055.75,354553.5,497.75,354530.75,354630.5,99.75
355927.75,356421.25,493.5,356385.75,356484.75,99,356202.5,356697,494.5,356676.5,356775.5,99,354874,355355.5,481.5,355332,355431.5,99.5
356729.5,357223,493.5,357192.75,357291.75,99,357005.5,357498.75,493.25,357477.5,357576.5,99,355675.5,356173.75,498.25,356133,356232,99
357531,358024.75,493.75,357993.5,358092.75,99.25,357807.25,358300.75,493.5,358278.5,358377.5,99,356477.75,356958.5,480.75,356937,357036.5,99.5
358333.5,358826.5,493,358794.75,358893,98.25,358608.75,359102.5,493.75,359079.5,359178.5,99,357263,357760.25,497.25,357738,357837.75,99.75
359135,359628.25,493.25,359595.75,359694.75,99,359410.25,359904,493.75,359880.75,359980,99.25,358081.25,358562,480.75,358542,358641.75,99.75
359936.75,360430,493.25,360396.75,360495.25,98.5,360212,360705.5,493.5,360681.75,360780.75,99,358866,359363.75,497.75,359343,359442.75,99.75
360738,361231.5,493.5,361198,361296.25,98.25,361013.25,361507.5,494.25,361494.5,361592.75,98.25,359684.5,360165.5,481,360144.25,360243.75,99.5
361539.75,362033.25,493.5,362004.75,362103.75,99,361814.25,362309.25,495,362295.5,362394.5,99,360486.25,360984,497.75,360948.25,361047.75,99.5
