2037.25,2541.25,504,2633.5,2731.75,98.25,3309.25,3784,474.75,3800.5,3898.75,98.25,NA,NA,NA,NA,NA,NA
2986,3490.5,504.5,3531.25,3630.75,99.5,4158.5,4649.75,491.25,4650.5,4747.5,97,NA,NA,NA,NA,NA,NA
3885,4389.5,504.5,4430.75,4530.75,100,5007.75,5515.5,507.75,5510.5,5608.75,98.25,NA,NA,NA,NA,NA,NA
4784.5,5288.75,504.25,5332.5,5430.75,98.25,5874.75,6381.5,506.75,6370.5,6467.5,97,NA,NA,NA,NA,NA,NA
5683.5,6171.25,487.75,6210.75,6310.5,99.75,6723.5,7214,490.5,7210.75,7307.5,96.75,NA,NA,NA,NA,NA,NA
6566,7070.25,504.25,7112.5,7210.5,98,7571.75,8063.25,491.5,8060.5,8157.5,97,NA,NA,NA,NA,NA,NA
7482,7986,504,8032.5,8130.5,98,8421,8912.5,491.5,8910.5,9007.5,97,NA,NA,NA,NA,NA,NA
8398,8885.25,487.25,8930.75,9030.5,99.75,9270,9778.25,508.25,9780.75,9877.5,96.75,NA,NA,NA,NA,NA,NA
9297,9784.25,487.25,9832.5,9930.75,98.25,10135.75,10627.5,491.75,10640.5,10737.5,97,NA,NA,NA,NA,NA,NA
10196.5,10700,503.5,10731.5,10830.5,99,11001.5,11493.25,491.75,11480.75,11577.75,97,NA,NA,NA,NA,NA,NA
11078.5,11582.5,504,11631.5,11730.75,99.25,11817.5,12309,491.5,12310.75,12407.75,97,NA,NA,NA,NA,NA,NA
11995,12498.25,503.25,12530.75,12630.75,100,12650,13158.25,508.25,13160.75,13257.75,97,NA,NA,NA,NA,NA,NA
12894.25,13397.5,503.25,13432.5,13530.75,98.25,13499.25,14007.5,508.25,14010.75,14107.75,97,NA,NA,NA,NA,NA,NA
13793.75,14279.75,486,14332.5,14430.75,98.25,14348.25,14840,491.75,14840.5,14937.75,97.25,NA,NA,NA,NA,NA,NA
14691.5,15195.75,504.25,15231.5,15331.75,100.25,15197.5,15705.75,508.25,15700.75,15797.75,97,NA,NA,NA,NA,NA,NA
15590.5,16094.75,504.25,16132.5,16230.75,98.25,16046.5,16555,508.5,16550.75,16647.75,97,NA,NA,NA,NA,NA,NA
16489.75,16994,504.25,17032.5,17130.75,98.25,16895.25,17404,508.75,17400.75,17497.75,97,NA,NA,NA,NA,NA,NA
17404.5,17893,488.5,17932.5,18031.75,99.25,17745,18253.25,508.25,18260.75,18357.75,97,NA,NA,NA,NA,NA,NA
18304,18792.25,488.25,18831.5,18930.75,99.25,18611,19102.5,491.5,19100.75,19197.75,97,NA,NA,NA,NA,NA,NA
19187.25,19691.25,504,19732.5,19830.75,98.25,19460,19951.75,491.75,19950.75,20049,98.25,NA,NA,NA,NA,NA,NA
20103.5,20590.5,487,20630.75,20730.75,100,20309.25,20800.75,491.5,20799.75,20897.75,98,NA,NA,NA,NA,NA,NA
20985,21489.5,504.5,21532.5,21630.75,98.25,21141.5,21650,508.5,21640.75,21737.75,97,NA,NA,NA,NA,NA,NA
21901,22388.75,487.75,22432.5,22530.75,98.25,21990.75,22499.25,508.5,22500.75,22597.75,97,NA,NA,NA,NA,NA,NA
22783.25,23287.75,504.5,23332.5,23430.75,98.25,22840,23348.25,508.25,23350.75,23447.75,97,NA,NA,NA,NA,NA,NA
23682.5,24187,504.5,24231.5,24330.75,99.25,23706,24197.5,491.5,24190.75,24287.75,97,NA,NA,NA,NA,NA,NA
24598.5,25086,487.5,25132.5,25230.75,98.25,24538.5,25030,491.5,25030.75,25127.75,97,NA,NA,NA,NA,NA,NA
25481,25968.5,487.5,26012.5,26110.75,98.25,25387.75,25879.25,491.5,25880.75,25977.75,97,NA,NA,NA,NA,NA,NA
26363.5,26867.75,504.25,26912.75,27010.75,98,26236.75,26728.5,491.75,26740.75,26837.75,97,NA,NA,NA,NA,NA,NA
27279.5,27783.5,504,27832.5,27930.75,98.25,27102.5,27594.25,491.75,27590.75,27687.75,97,NA,NA,NA,NA,NA,NA
28195.5,28699.25,503.75,28731.5,28830.75,99.25,27935,28426.75,491.75,28430.75,28527.75,97,NA,NA,NA,NA,NA,NA
29094.25,29598.25,504,29632.5,29730.75,98.25,28784.25,29276,491.75,29280.75,29377.75,97,NA,NA,NA,NA,NA,NA
29977,30464.25,487.25,30511.5,30610.75,99.25,29616.75,30125,508.25,30120.75,30217.75,97,NA,NA,NA,NA,NA,NA
30859.5,31363.25,503.75,31390.75,31490.75,100,30465.5,30974.25,508.75,30980.75,31077.75,97,NA,NA,NA,NA,NA,NA
31758.5,32245.75,487.25,32292.5,32390.75,98.25,31332,31840,508,31840.75,31937.75,97,NA,NA,NA,NA,NA,NA
32657.75,33145,487.25,33192.5,33290.75,98.25,32180.75,32689.25,508.5,32690.75,32787.75,97,NA,NA,NA,NA,NA,NA
33557,34044,487,34091.5,34190.75,99.25,33046.5,33538.5,492,33540.75,33637.75,97,NA,NA,NA,NA,NA,NA
34456,34959.75,503.75,34991.75,35090.75,99,33896,34387.5,491.5,34390.75,34487.75,97,NA,NA,NA,NA,NA,NA
35354.25,35842.25,488,35891.5,35990.75,99.25,34745.25,35253.5,508.25,35250.75,35347.75,97,NA,NA,NA,NA,NA,NA
36253.75,36741.5,487.75,36791.75,36890.75,99,35611,36102.5,491.5,36110.75,36207.75,97,NA,NA,NA,NA,NA,NA
37169.75,37657.25,487.5,37692.5,37790.75,98.25,36460.25,36968.5,508.25,36970.75,37067.75,97,NA,NA,NA,NA,NA,NA
38035.75,38523,487.25,38572.5,38670.75,98.25,37326,37834.25,508.25,37829.75,37927.75,98,NA,NA,NA,NA,NA,NA
38918.25,39422,503.75,39451.5,39550.75,99.25,38175.25,38666.75,491.5,38670.75,38767.75,97,NA,NA,NA,NA,NA,NA
39817.25,40304.5,487.25,40351.5,40450.75,99.25,39024.25,39516,491.75,39510.75,39607.75,97,NA,NA,NA,NA,NA,NA
40716,41203.75,487.75,41252.5,41350.75,98.25,39857,40365,508,40380.75,40477.75,97,NA,NA,NA,NA,NA,NA
41598.75,42102.75,504,42152.75,42250.75,98,40739.25,41231,491.75,41230.75,41327.75,97,NA,NA,NA,NA,NA,NA
42497.75,43002,504.25,43050.75,43150.75,100,41588.5,42080,491.5,42080.75,42177.75,97,NA,NA,NA,NA,NA,NA
43414,43917.75,503.75,43972.75,44072,99.25,42420.75,42929.25,508.5,42930.75,43027.75,97,NA,NA,NA,NA,NA,NA
44329.5,44833.5,504,44892.75,44990.75,98,43270.25,43761.75,491.5,43770.75,43867.75,97,NA,NA,NA,NA,NA,NA
45245.25,45749.25,504,45792.75,45890.75,98,44119.25,44627.75,508.5,44621,44717.75,96.75,NA,NA,NA,NA,NA,NA
46160.25,46648.5,488.25,46692.75,46790.75,98,44985,45576.75,591.75,45481,45577.75,96.75,NA,NA,NA,NA,NA,NA
47060,47547.5,487.5,47592.75,47690.75,98,45834.25,46326,491.75,46330.75,46427.75,97,NA,NA,NA,NA,NA,NA
47943,48430,487,48472.75,48570.75,98,46667,47175.25,508.25,47171,47267.75,96.75,NA,NA,NA,NA,NA,NA
48841.5,49329.25,487.75,49371.75,49470.75,99,47499.5,48007.75,508.25,48000.75,48097.75,97,NA,NA,NA,NA,NA,NA
49740.5,50228.25,487.75,50271.75,50370.75,99,48348.5,48856.75,508.25,48859.75,48957.75,98,NA,NA,NA,NA,NA,NA
50623.25,51127.25,504,51171.75,51270.75,99,49214.5,49706,491.5,49710.75,49807.75,97,NA,NA,NA,NA,NA,NA
51522.5,52026.5,504,52071.5,52170.75,99.25,50063.75,50555.25,491.5,50561,50657.75,96.75,NA,NA,NA,NA,NA,NA
52421.75,52909,487.25,52952.75,53050.75,98,50912.5,51404.5,492,51411,51507.75,96.75,NA,NA,NA,NA,NA,NA
53320.75,53824.75,504,53871.75,53970.75,99,51762,52253.5,491.5,52251,52347.75,96.75,NA,NA,NA,NA,NA,NA
54236.75,54740.5,503.75,54771.5,54870.75,99.25,52611,53102.75,491.75,53110.75,53208,97.25,NA,NA,NA,NA,NA,NA
55119.25,55623,503.75,55672.75,55770.75,98,53460.25,53952,491.75,53951,54047.75,96.75,NA,NA,NA,NA,NA,NA
56018.25,56522.25,504,56572.75,56670.75,98,54292.75,54784.5,491.75,54791,54887.75,96.75,NA,NA,NA,NA,NA,NA
56934,57421.25,487.25,57471.5,57571,99.5,55142,55650.25,508.25,55650,55748,98,NA,NA,NA,NA,NA,NA
57832.5,58320.5,488,58371.75,58470.75,99,56007.75,56499.5,491.75,56501,56598,97,NA,NA,NA,NA,NA,NA
58732,59219.5,487.5,59272.75,59370.75,98,56856.75,57365.25,508.5,57370.75,57468,97.25,NA,NA,NA,NA,NA,NA
59648,60135.25,487.25,60191,60290.75,99.75,57706.25,58214.5,508.25,58211,58308,97,NA,NA,NA,NA,NA,NA
60547,61051,504,61092.75,61190.75,98,58555.25,59063.5,508.25,59051,59148,97,NA,NA,NA,NA,NA,NA
61446.25,61950.25,504,61991,62091,100,59404.5,59896,491.5,59891,59988,97,NA,NA,NA,NA,NA,NA
62362.25,62849.25,487,62891.75,62991,99.25,60236.75,60728.75,492,60731,60828,97,NA,NA,NA,NA,NA,NA
63244.25,63731.75,487.5,63771.75,63871,99.25,61086,61594.5,508.5,61591,61688,97,NA,NA,NA,NA,NA,NA
64127.25,64631,503.75,64672.75,64771,98.25,61935.5,62443.75,508.25,62431,62528,97,NA,NA,NA,NA,NA,NA
65026,65530,504,65571.75,65671,99.25,62784.5,63292.75,508.25,63281,63378,97,NA,NA,NA,NA,NA,NA
65924,66429.25,505.25,66471.75,66571,99.25,63617,64125.5,508.5,64131,64228,97,NA,NA,NA,NA,NA,NA
66823.75,67328.25,504.5,67372.75,67471,98.25,64466.5,64974.5,508,64981,65078,97,NA,NA,NA,NA,NA,NA
67723.5,68210.75,487.25,68252.75,68351,98.25,65332,65840.25,508.25,65841,65938,97,NA,NA,NA,NA,NA,NA
68622,69126.5,504.5,69172,69271,99,66181.25,66689.5,508.25,66691,66788,97,NA,NA,NA,NA,NA,NA
69521.25,70025.75,504.5,70072.75,70171,98.25,67030.5,67538.75,508.25,67541,67638,97,NA,NA,NA,NA,NA,NA
70420.75,70908.25,487.5,70952.75,71051,98.25,67896.25,68404.5,508.25,68391,68488,97,NA,NA,NA,NA,NA,NA
71319.5,71807.25,487.75,71851.75,71951,99.25,68745.5,69237,491.5,69231,69328,97,NA,NA,NA,NA,NA,NA
72219.25,72723,503.75,72751,72851,100,69577.75,70086.25,508.5,70091,70188,97,NA,NA,NA,NA,NA,NA
73101.75,73605.5,503.75,73652.75,73751,98.25,70443.75,70952,508.25,70941,71038,97,NA,NA,NA,NA,NA,NA
74000.5,74488,487.5,74532,74631,99,71292.75,71801.25,508.5,71801,71898,97,NA,NA,NA,NA,NA,NA
74900,75387,487,75431.75,75531,99.25,72142.25,72650.5,508.25,72651,72748,97,NA,NA,NA,NA,NA,NA
75782.5,76269.5,487,76312.75,76411,98.25,72991.25,73483,491.75,73481,73578,97,NA,NA,NA,NA,NA,NA
76665,77168.75,503.75,77211,77311,100,73840.5,74332,491.5,74341,74438,97,NA,NA,NA,NA,NA,NA
77564,78067.75,503.75,78112.75,78211,98.25,74706.25,75198,491.75,75191,75288,97,NA,NA,NA,NA,NA,NA
78479,78983.5,504.5,79031.75,79131,99.25,75538.75,76030.5,491.75,76031,76128,97,NA,NA,NA,NA,NA,NA
79378.75,79882.75,504,79911,80011,100,76388,76896.25,508.25,76901,76998,97,NA,NA,NA,NA,NA,NA
80278,80765.25,487.25,80812.75,80911,98.25,77237.25,77728.75,491.5,77731,77828,97,NA,NA,NA,NA,NA,NA
81177,81681,504,81711,81811,100,78086.5,78578,491.5,78591,78688,97,NA,NA,NA,NA,NA,NA
82075.75,82563.5,487.75,82611,82711,100,78952.25,79460.5,508.25,79451,79548,97,NA,NA,NA,NA,NA,NA
82958.75,83462.5,503.75,83513,83611,98,79784.5,80293,508.5,80291,80388,97,NA,NA,NA,NA,NA,NA
83874.5,84378.5,504,84412.75,84511,98.25,80633.75,81125.5,491.75,81131,81228,97,NA,NA,NA,NA,NA,NA
84773.5,85277.5,504,85312.75,85411,98.25,81466.25,81974.75,508.5,81971,82068,97,NA,NA,NA,NA,NA,NA
85688.25,86176.5,488.25,86232.75,86331,98.25,82315.5,82823.75,508.25,82821,82918,97,NA,NA,NA,NA,NA,NA
86588,87075.75,487.75,87131.75,87231,99.25,83164.5,83673,508.5,83661.25,83758,96.75,NA,NA,NA,NA,NA,NA
87487.75,87974.75,487,88031.75,88131,99.25,83997,84505.5,508.5,84501,84598,97,NA,NA,NA,NA,NA,NA
88402.75,88890.75,488,88931.75,89031,99.25,84862.75,85354.75,492,85361,85458,97,NA,NA,NA,NA,NA,NA
89285.75,89789.75,504,89831.75,89931,99.25,85712,86220.5,508.5,86231,86328,97,NA,NA,NA,NA,NA,NA
90184.5,90689,504.5,90732.75,90831,98.25,86578,87069.75,491.75,87071.25,87168,96.75,NA,NA,NA,NA,NA,NA
91083.75,91588,504.25,91631,91731,100,87410.5,87919,508.5,87921,88018,97,NA,NA,NA,NA,NA,NA
341,832.75,491.75,366.5,464.5,98,127.5,619.5,492,139.25,237.25,98,15.25,490.25,475,41,140.25,99.25
1073,1565.5,492.5,1066,1166,100,843.5,1335.5,492,835.5,937.25,101.75,731,1222.75,491.75,721,820.25,99.25
1772.25,2264.75,492.5,1777.25,1875.25,98,1560.5,2051.25,490.75,1544.75,1645.25,100.5,1430.5,1922.25,491.75,1423.5,1521.5,98
2488.25,2980.75,492.5,2478.5,2576.5,98,2277,2767.25,490.25,2259.25,2357.25,98,2130,2621.5,491.5,2121,2220.25,99.25
3187.5,3680.25,492.75,3186,3286,100,2992,3483.5,491.5,2979.25,3077.25,98,2830.25,3320.75,490.5,2801,2900.25,99.25
3886.75,4379.25,492.5,3886.75,3987.25,100.5,3690.75,4182.75,492,3687.5,3786.75,99.25,3529.75,4020,490.25,3522,3620.25,98.25
4603.75,5095.25,491.5,4598.5,4696.5,98,4406.75,4898.75,492,4397.75,4496,98.25,4228.75,4719.5,490.75,4212.75,4311,98.25
5303.25,5794.75,491.5,5297.25,5395.25,98,5122.75,5614.75,492,5107.25,5205.25,98,4927.25,5418.75,491.5,4914,5012.25,98.25
6002.5,6494,491.5,6005.5,6104.75,99.25,5822,6314,492,5817.5,5917.25,99.75,5626.5,6118,491.5,5612.75,5711,98.25
6717.5,7210,492.5,6707.75,6806,98.25,6538,7030,492,6539.25,6637.25,98,6325.75,6817.5,491.75,6314.25,6412.25,98
7416.75,7909.5,492.75,7416,7515.25,99.25,7254,7746,492,7248.5,7346.75,98.25,7025,7516.75,491.75,7012.75,7111,98.25
8116,8608.75,492.75,8116,8216.5,100.5,7969.75,8462,492.25,7958,8056,98,7724.5,8216,491.5,7714.25,7812.25,98
8832,9324.75,492.75,8816,8915.25,99.25,8685.5,9178,492.5,8677.75,8776,98.25,8423.5,8915.5,492,8412.75,8511,98.25
9531.25,10024,492.75,9524.75,9624.5,99.75,9401.5,9893.75,492.25,9398,9496,98,9123,9614.75,491.75,9114.25,9212.25,98
10230.5,10723.25,492.75,10226.75,10326,99.25,10100.75,10593.25,492.5,10099.25,10197.5,98.25,9822.25,10314,491.75,9812.75,9911,98.25
10930,11422.5,492.5,10935.5,11035.25,99.75,10816.75,11309.25,492.5,10806.75,10906.75,100,10521.5,11013.25,491.75,10513,10612.25,99.25
11646,12138.5,492.5,11638.5,11736.75,98.25,11532.75,12025.25,492.5,11518,11616,98,11220.75,11712.75,492,11212.75,11311,98.25
12345.25,12838,492.75,12337.25,12435.25,98,12248.75,12741,492.25,12238,12336,98,11920.25,12412,491.75,11913.25,12012.25,99
13044.5,13537.25,492.75,13046.5,13144.75,98.25,12964.75,13457,492.25,12947.25,13045.5,98.25,12636.25,13128,491.75,12622.5,12721.5,99
13760.5,14253.25,492.75,13747.75,13846,98.25,13680.75,14173,492.25,13666.25,13765.5,99.25,13335.25,13827.25,492,13322.25,13420.25,98
14459.5,14952.5,493,14455.5,14555.25,99.75,14380,14872.25,492.25,14368.75,14466.75,98,14035,14526.5,491.5,14023.5,14121.5,98
15159.25,15651.75,492.5,15158.5,15256.75,98.25,15096.25,15588.25,492,15088.75,15186.75,98,14734.25,15226,491.75,14722.25,14820.25,98
15858.5,16351.25,492.75,15866,15966,100,15812.25,16304.25,492,15798,15896,98,15433.5,15925.25,491.75,15422.5,15521.75,99.25
16574.25,17067.25,493,16566.5,16664.75,98.25,16511.5,17003.5,492,16507.25,16605.5,98.25,16132.75,16624.5,491.75,16122.25,16220.25,98
17273.75,17766.5,492.75,17266,17366,100,17227.5,17719.5,492,17219.25,17317.5,98.25,16832.25,17324,491.75,16822.5,16921.75,99.25
17973,18465.75,492.75,17977.25,18075.25,98,17927,18419,492,17927,18026.75,99.75,17531.5,18023.25,491.75,17522.25,17620.25,98
18689,19181.75,492.75,18676.75,18776.75,100,18643,19135,492,18638,18736,98,18230.75,18722.5,491.75,18223.5,18321.75,98.25
19388.25,19881,492.75,19388,19486,98,19359,19850.75,491.75,19358,19456,98,18930.25,19421.75,491.5,18922.25,19020.25,98
20087.5,20580.5,493,20085.5,20184.75,99.25,20075,20566.75,491.75,20078,20176,98,19629.5,20121.25,491.75,19623.5,19721.5,98
20787,21279.75,492.75,20798.5,20896.75,98.25,20790.75,21282.75,492,20787.25,20885.5,98.25,20328.75,20820.5,491.75,20322.25,20420.25,98
21502.75,21995.75,493,21495.5,21595.5,100,21506.75,21998.75,492,21499.25,21597.5,98.25,21028.25,21519.75,491.5,21013,21111,98
22202,22695,493,22198.5,22296.75,98.25,22206.25,22698,491.75,22196.25,22296,99.75,21727,22219,492,21714.25,21812.25,98
22901.5,23394.25,492.75,22908,23006,98,22922.25,23414,491.75,22907.5,23005.5,98,22426.75,22918.5,491.75,22412.75,22511,98.25
23617.5,24110.25,492.75,23604.75,23704.75,100,23621.5,24113.5,492,23619.25,23717.5,98.25,23126,23617.75,491.75,23114.25,23212.25,98
24317,24809.5,492.5,24317,24416.75,99.75,24337.5,24829.25,491.75,24328.75,24426.75,98,23825.25,24317,491.75,23813,23911,98
25016.25,25509,492.75,25016.25,25116.5,100.25,25053.5,25545.25,491.75,25035.5,25136.25,100.75,24524.75,25016.5,491.75,24514.25,24612.5,98.25
25715.5,26208.25,492.75,25718.75,25816.75,98,25752.75,26244.75,492,25747.25,25845.5,98.25,25224,25715.75,491.75,25213,25311,98
26431.5,26924.25,492.75,26428,26526,98,26468.5,26960.5,492,26459.25,26557.5,98.25,25923.25,26415,491.75,25913.25,26012.25,99
27130.75,27623.5,492.75,27126.75,27224.75,98,27167.75,27660,492.25,27167.75,27266.75,99,26622.75,27114.25,491.5,26613,26711,98
27830.25,28323,492.75,27836.75,27936.75,100,27900.5,28392.5,492,27887.75,27986.75,99,27322,27813.75,491.75,27314.25,27412.25,98
28546,29038.75,492.75,28537.25,28635.5,98.25,28599.75,29092,492.25,28587.25,28685.5,98.25,28021.25,28513,491.75,28012.75,28111,98.25
29245.5,29738.25,492.75,29238.75,29336.75,98,29315.75,29807.75,492,29299.25,29397.5,98.25,28720.5,29212.25,491.75,28714.25,28812.25,98
29944.75,30437.5,492.75,29948,30046,98,30015,30507.25,492.25,30019.5,30117.5,98,29436.5,29928.25,491.75,29423.75,29521.75,98
30644.25,31136.75,492.5,30644.25,30744.75,100.5,30731,31223.25,492.25,30728.75,30826.75,98,30136,30627.75,491.75,30122.25,30220.25,98
31360,31852.75,492.75,31346.75,31446,99.25,31447,31939,492,31438,31536.25,98.25,30835,31327,492,30823.5,30921.75,98.25
32059.25,32552,492.75,32055.5,32155.5,100,32163,32655,492,32147.5,32245.5,98,31534.5,32026.25,491.75,31522.25,31620.5,98.25
32758.5,33251.5,493,32758.5,32856.75,98.25,32879,33371,492,32867.5,32965.5,98,32233.75,32725.5,491.75,32222.5,32321.75,99.25
33458,33950.75,492.75,33457.25,33555.5,98.25,33578.25,34070.5,492.25,33577.5,33677.5,100,32933,33425,492,32922.25,33020.5,98.25
34174,34666.75,492.75,34166.75,34264.75,98,34294.25,34786.25,492,34288.75,34387,98.25,33632.25,34124.25,492,33623.75,33721.75,98
34873.25,35366,492.75,34868,34966,98,35010,35502.25,492.25,34996.25,35096.25,100,34331.75,34823.5,491.75,34322.25,34420.5,98.25
35572.5,36065.25,492.75,35566.75,35664.75,98,35726.25,36201.75,475.5,35707.5,35805.5,98,35031,35522.75,491.75,35023.5,35121.75,98.25
36271.75,36764.75,493,36278.75,36376.75,98,36442.25,36934.25,492,36427.5,36525.5,98,35730.5,36222.25,491.75,35721.25,35820.5,99.25
36988,37480.75,492.75,36977.25,37075.5,98.25,37158,37650.25,492.25,37147.5,37245.5,98,36429.75,36921.5,491.75,36423.5,36521.75,98.25
37687,38180,493,37678.75,37776.75,98,37857.5,38349.5,492,37848.75,37946.75,98,37129,37620.75,491.75,37121.25,37220.5,99.25
38386.5,38879.25,492.75,38387,38486.25,99.25,38573.5,39065.5,492,38558,38656.25,98.25,37828.25,38320.25,492,37823.75,37921.75,98
39085.75,39578.5,492.75,39085.75,39184.75,99,39289.5,39781.5,492,39278,39376.25,98.25,38527.75,39019.5,491.75,38514.25,38612.5,98.25
39801.75,40294.5,492.75,39796.75,39896.75,100,40005.5,40497.5,492,39985,40085.5,100.5,39227,39718.75,491.75,39211.75,39311.25,99.5
40501,40994,493,40497.5,40595.5,98,40721.5,41213.5,492,40707.5,40805.5,98,39926.25,40418,491.75,39914.25,40012.5,98.25
41200.5,41693.25,492.75,41206.75,41304.75,98,41437.25,41929.5,492.25,41427.5,41525.5,98,40625.75,41117.5,491.75,40613,40711,98
41916.25,42409.25,493,41907,42006.25,99.25,42153.25,42645.25,492,42139.5,42237.5,98,41324.5,41816.75,492.25,41314.25,41412.5,98.25
42615.5,43108.5,493,42606.75,42704.75,98,42852.75,43344.75,492,42846.25,42947,100.75,42024.25,42516,491.75,42013,42111,98
43315,43807.75,492.75,43317.75,43416.75,99,43552,44044,492,43555.75,43656.25,100.5,42723.5,43215.5,492,42714.25,42812.5,98.25
44014.5,44507.25,492.75,44015.5,44115.5,100,44268,44760,492,44259.5,44357.5,98,43422.75,43914.75,492,43413,43511.25,98.25
44730.5,45223,492.5,44726.75,44824.75,98,44984,45476,492,44968.75,45067,98.25,44122.25,44614,491.75,44114.5,44212.5,98
45429.5,45922.5,493,45428,45526.25,98.25,45683.25,46175.25,492,45678,45776.25,98.25,44821.5,45313.25,491.75,44813,44911,98
46129,46621.75,492.75,46125,46224.75,99.75,46399.25,46891.25,492,46387.5,46485.5,98,45520.75,46012.75,492,45514.25,45612.5,98.25
46845,47337.75,492.75,46838.75,46936.75,98,47098.75,47590.5,491.75,47088.75,47187,98.25,46236.75,46728.75,492,46222.75,46321.75,99
47544.25,48037,492.75,47537.5,47635.5,98,47814.75,48306.5,491.75,47807.75,47907,99.25,46936.25,47428,491.75,46921.25,47020.5,99.25
48243.5,48736.25,492.75,48246.75,48345,98.25,48530.5,49022.5,492,48517,48616.25,99.25,47635.25,48127.25,492,47623.75,47721.75,98
48959.5,49452.25,492.75,48948,49046.25,98.25,49230,49721.75,491.75,49227.5,49325.5,98,48334.75,48826.5,491.75,48322.5,48420.5,98
49658.75,50151.75,493,49656.25,49755.5,99.25,49946,50437.75,491.75,49947.5,50045.5,98,49033.5,49526,492.5,49023.75,49121.75,98
50358.25,50851,492.75,50358.5,50456.75,98.25,50662,51137,475,50659.5,50757.5,98,49733.25,50225.25,492,49721.25,49820.5,99.25
51057.5,51550.25,492.75,51068.25,51166.25,98,51377.75,51869.75,492,51368.75,51467,98.25,50432.75,50924.5,491.75,50423.75,50521.75,98
51773.5,52266.25,492.75,51765,51864.75,99.75,52093.75,52585.75,492,52078.25,52176.25,98,51132.25,51624,491.75,51122.5,51220.5,98
52472.75,52965.5,492.75,52465.5,52566.25,100.75,52810,53301.75,491.75,52798.25,52896.25,98,51831.25,52323.25,492,51823.75,51921.75,98
53172,53665,493,53175.75,53275.5,99.75,53525.75,54017.5,491.75,53507.5,53605.75,98.25,52530.5,53022.5,492,52522.5,52620.5,98
53888.25,54380.75,492.5,53878.75,53977,98.25,54241.75,54733.5,491.75,54225.75,54325.75,100,53229.75,53721.75,492,53222.5,53321.75,99.25
54587.5,55080.25,492.75,54577.5,54675.5,98,54957.75,55449.5,491.75,54939.5,55037.75,98.25,53929.25,54421.25,492,53922.5,54020.5,98
55286.75,55779.5,492.75,55286.75,55385,98.25,55657.25,56149,491.75,55649,55747,98,54628.5,55120.5,492,54623.75,54721.75,98
55986,56478.75,492.75,55986.25,56086.25,100,56373.25,56865,491.75,56358.25,56456.25,98,55328,55819.75,491.75,55314.5,55412.5,98
56702.25,57194.75,492.5,56696.5,56795.5,99,57072.5,57564.25,491.75,57066.75,57165.75,99,56027.25,56519,491.75,56013,56111.25,98.25
57401.5,57894,492.5,57398.75,57497,98.25,57788,58280.25,492.25,57769,57867,98,56726.5,57218.5,492,56714.5,56812.5,98
58100.75,58593.5,492.75,58108,58206.25,98.25,58487.5,58979.5,492,58478.25,58576.25,98,57426,57917.75,491.75,57413,57511.25,98.25
58816.75,59309.5,492.75,58806.75,58905,98.25,59203.5,59695.5,492,59187.5,59285.75,98.25,58125.25,58617,491.75,58114.5,58212.5,98
59516,60008.75,492.75,59517.75,59617,99.25,59902.75,60394.75,492,59898.5,59997.75,99.25,58824.5,59316.5,492,58813,58911.25,98.25
60215.25,60708,492.75,60216.25,60315.5,99.25,60602,61094,492,60598.25,60696.25,98,59523.75,60015.75,492,59514.5,59612.5,98
60931.25,61424,492.75,60917,61017,100,61318.25,61810,491.75,61307.5,61405.75,98.25,60223.25,60715,491.75,60213.25,60311.25,98
61630.75,62123.25,492.5,61628,61726.25,98.25,62034.25,62526,491.75,62019.5,62117.75,98.25,60922.5,61414.5,492,60914.5,61012.5,98
62330,62822.75,492.75,62327,62425,98,62733.5,63225.25,491.75,62729,62827,98,61622,62097,475,61613.25,61711.25,98
63029.25,63522,492.75,63038.75,63137,98.25,63449.5,63941.25,491.75,63438.25,63536.25,98,62304.5,62813,508.5,62314.5,62412.5,98
63745,64238,493,63735,63835.75,100.75,64165.5,64640.5,475,64147.5,64245.75,98.25,63020.5,63512.25,491.75,63013.25,63111.25,98
64444.5,64937.25,492.75,64437.75,64537,99.25,64881.5,65373.25,491.75,64867.5,64965.75,98.25,63736.5,64228.25,491.75,63722.5,63820.5,98
65143.75,65636.5,492.75,65147,65246.25,99.25,65597.5,66089.25,491.75,65578.5,65677.75,99.25,64435.5,64927.75,492.25,64423.75,64522,98.25
65859.75,66352.5,492.75,65845,65945,100,66280,66788.5,508.5,66298.75,66397.75,99,65135,65627,492,65122.5,65220.75,98.25
66559,67052,493,66558.75,66657,98.25,67012.75,67504.5,491.75,67009,67107,98,65834.5,66326.25,491.75,65823.75,65922,98.25
67258.5,67751.25,492.75,67257.5,67355.75,98.25,67728.75,68220.5,491.75,67717.25,67816.25,99,66533.75,67025.5,491.75,66522.5,66620.5,98
67957.75,68450.5,492.75,67957.75,68057,99.25,68444.75,68936.5,491.75,68438.25,68536.25,98,67233,67725,492,67223.75,67322,98.25
68673.75,69166.5,492.75,68657.5,68755.75,98.25,69127.25,69635.75,508.5,69147.5,69245.75,98.25,67932.5,68424.25,491.75,67922.5,68020.75,98.25
69373,69865.75,492.75,69365.75,69465,99.25,69860,70351.75,491.75,69849,69947,98,68631.75,69123.5,491.75,68622.75,68722,99.25
70072.25,70565.25,493,70068.25,70166.25,98,70576,71067.75,491.75,70557.25,70656.5,99.25,69331,69822.75,491.75,69322.5,69420.75,98.25
70771.75,71264.5,492.75,70787,70886.25,99.25,71275.25,71767,491.75,71277.25,71376.25,99,70030.25,70522.25,492,70034.5,70132.5,98
71471,71963.75,492.75,71485.75,71585,99.25,71991.25,72483,491.75,71997.25,72096.5,99.25,70729.75,71221.5,491.75,70733.25,70831.25,98
72170.25,72663,492.75,72188.25,72286.25,98,72707.25,73199,491.75,72707.75,72805.75,98,71428.75,71920.75,492,71433.5,71532.75,99.25
72869.75,73362.5,492.75,72886.75,72985,98.25,73406.5,73898.25,491.75,73419.5,73517.75,98.25,72128.25,72620.25,492,72133.25,72231.25,98
73585.75,74078.5,492.75,73597.75,73697,99.25,74122.75,74614.25,491.5,74139.5,74237.75,98.25,72827.75,73319.5,491.75,72834.5,72932.75,98.25
74285,74777.75,492.75,74297.5,74395.75,98.25,74838.5,75330.25,491.75,74838.25,74936.5,98.25,73527,74018.75,491.75,73533.25,73631.25,98
74984.25,75477,492.75,74997.75,75097,99.25,75537.75,76029.5,491.75,75568,75667,99,74226,74718,492,74234.5,74332.75,98.25
75683.5,76176.25,492.75,75697.5,75795.75,98.25,76270.5,76762.25,491.75,76267.75,76365.75,98,74925.5,75417.5,492,74933.25,75031.25,98
76383,76875.75,492.75,76397.75,76497,99.25,76986.5,77478,491.5,76997.25,77096.5,99.25,75624.75,76116.75,492,75634.5,75732.75,98.25
77082.25,77575,492.75,77095.75,77195.75,100,77702.5,78194,491.5,77706.5,77805.75,99.25,76324,76816,492,76333.25,76431.25,98
77798.25,78291,492.75,77807,77905,98,78418,78910,492,78417.25,78517.75,100.5,77023.5,77515.25,491.75,77034.5,77132.75,98.25
78497,78990.25,493.25,78508.25,78606.25,98,79134,79626,492,79138.5,79237.75,99.25,77722.75,78214.75,492,77733.25,77831.25,98
79196.5,79689.5,493,79207,79305,98,79833.5,80325.25,491.75,79849,79947,98,78422,78914,492,78434.5,78532.75,98.25
79896.25,80389,492.75,79908.25,80006.5,98.25,80533.25,81024.75,491.5,80558.25,80656.5,98.25,79121.5,79613.25,491.75,79132.25,79231.25,99
80595.5,81088.25,492.75,80617.75,80715.75,98,81249.25,81740.75,491.5,81267.75,81365.75,98,79821,80312.75,491.75,79824,79922,98
81295,81787.5,492.5,81317.75,81417,99.25,81948.5,82440,491.5,81947.75,82045.75,98,80536.75,81028.75,492,80544,80642,98
82010.75,82503.5,492.75,82017.75,82115.75,98,82647.5,83139.25,491.75,82659.75,82757.75,98,81236.25,81728,491.75,81241.5,81340.75,99.25
82710,83202.75,492.75,82717.25,82817,99.75,83363.5,83855.25,491.75,83379.75,83477.75,98,81935.5,82427.25,491.75,81942.75,82042,99.25
83409.5,83902.25,492.75,83416.5,83515.75,99.25,84062.75,84554.5,491.75,84089,84187.25,98.25,82635,83126.5,491.5,82642.5,82740.75,98.25
84108.75,84601.5,492.75,84127,84225,98,84779,85270.5,491.5,84779.75,84877.75,98,83333.75,83842.5,508.75,83344,83442,98
84808,85300.75,492.75,84828.25,84926.5,98.25,85478.25,85969.75,491.5,85499.75,85597.75,98,84033.5,84525.25,491.75,84042.5,84140.75,98.25
85507.25,86000.25,493,85525.75,85625,99.25,86194,86685.75,491.75,86209,86307.25,98.25,84732.75,85224.5,491.75,84744,84842,98
86206.75,86699.5,492.75,86227.25,86326.5,99.25,86910.25,87401.75,491.5,86907.75,87005.75,98,85432,85924,492,85442.75,85540.75,98
86922.75,87415.5,492.75,86927,87025,98,87626.25,88117.75,491.5,87637.25,87736.5,99.25,86131.25,86623.25,492,86133.25,86231.5,98.25
87622,88114.75,492.75,87639,87737,98,88325.5,88817,491.5,88339.75,88437.75,98,86830.75,87322.5,491.75,86834.5,86932.75,98.25
88321.25,88814,492.75,88336.5,88435.75,99.25,89041.5,89533,491.5,89059.75,89157.75,98,87530,88021.75,491.75,87533.25,87631.5,98.25
89020.5,89513.5,493,89039,89137,98,89757.5,90249,491.5,89768,89867.25,99.25,88229.25,88721.25,492,88234.75,88332.75,98
89720,90212.75,492.75,89735.75,89835.75,100,90473.25,90965,491.75,90478.5,90576.5,98,88928.75,89420.5,491.75,88933.25,89031.5,98.25
90419.25,90912,492.75,90438,90537,99,91172.75,91664.25,491.5,91187.75,91285.75,98,89627.75,90119.75,492,89634.75,89732.75,98
91135.25,91628,492.75,91148.25,91246.5,98.25,91888.75,92380.25,491.5,91888,91987.25,99.25,90327.5,90819.25,491.75,90332.25,90431.5,99.25
91834.5,92327.25,492.75,91845.25,91945,99.75,92604.75,93096.25,491.5,92619.75,92717.75,98,91026.5,91518.5,492,91033.5,91132.75,99.25
92534,93026.75,492.75,92546.5,92646.5,100,93304.25,93795.5,491.25,93318.5,93416.5,98,91726,92217.75,491.75,91733.25,91831.5,98.25
93233.25,93726,492.75,93246,93345.25,99.25,94020,94511.5,491.5,94038.5,94136.5,98,92425.25,92917,491.75,92433.5,92532.75,99.25
93932.5,94425.25,492.75,93948.5,94046.5,98,94719.5,95210.75,491.25,94729,94827.25,98.25,93124.5,93616.5,492,93132.25,93231.5,99.25
94615.25,95124.5,509.25,94646,94745.25,99.25,95435.5,95926.75,491.25,95459.75,95558,98.25,93824,94315.75,491.75,93834.75,93932.75,98
95331.25,95824,492.75,95347.5,95446.5,99,96134.75,96626.25,491.5,96138.75,96237.75,99,94523,95015,492,94532.25,94631.5,99.25
96047,96540,493,96057.75,96155.75,98,96850.75,97342.25,491.5,96867.75,96966,98.25,95222.5,95714.25,491.75,95234.75,95332.75,98
96746.5,97239.25,492.75,96759,96857.25,98.25,97566.75,98058,491.25,97578.75,97678,99.25,95922,96413.75,491.75,95929.5,96028.75,99.25
97445.75,97938.5,492.75,97457.75,97555.75,98,98266,98757.5,491.5,98278.5,98376.5,98,96621.25,97113,491.75,96624,96722,98
98145,98637.75,492.75,98159,98257.25,98.25,98998.5,99490,491.5,99018.75,99118,99.25,97320.5,97812.25,491.75,97321.5,97420.75,99.25
98844.25,99337.25,493,98868.5,98966.5,98,99698,100189.5,491.5,99707.75,99806,98.25,98036.5,98528.25,491.75,98042.75,98140.75,98
99543.75,100036.5,492.75,99567,99665.25,98.25,100413.75,100905.25,491.5,100426,100526,100,98736,99227.5,491.5,98743,98842,99
100226.25,100735.75,509.5,100266.5,100366.5,100,101113.25,101604.75,491.5,101129.25,101227.25,98,99435,99927,492,99442.75,99540.75,98
100958.75,101451.75,493,100965.25,101065.25,100,101829.25,102320.75,491.5,101849,101947.25,98.25,100134.25,100626.25,492,100144,100242.25,98.25
101658.25,102151,492.75,101667.5,101766.5,99,102528.5,103020,491.5,102558.5,102656.5,98,100833.75,101325.5,491.75,100841.75,100940.75,99
102340.75,102850.5,509.75,102367,102465.25,98.25,103261,103752.5,491.5,103278.5,103376.5,98,101533,102025,492,101544,101642.25,98.25
103056.75,103549.75,493,103068.5,103166.5,98,103977,104468.5,491.5,103979.75,104078,98.25,102232.5,102724.25,491.75,102242.75,102340.75,98
103756,104249.25,493.25,103777.75,103875.75,98,104693,105184.5,491.5,104699.75,104798,98.25,102931.75,103423.5,491.75,102938.75,103036.75,98
104455.5,104948.5,493,104478,104577.25,99.25,105409,105900.5,491.5,105427.75,105526,98.25,103631,104122.75,491.75,103653.5,103751.5,98
105154.75,105647.75,493,105176,105276,100,106125,106616.5,491.5,106126.75,106227.25,100.5,104330.25,104822.25,492,104333.5,104431.5,98
105870.75,106363.75,493,105879,105977.25,98.25,106824.25,107315.75,491.5,106838.5,106936.5,98,105029.5,105521.5,492,105034.75,105132.75,98
106570,107063,493,106577.75,106676,98.25,107523.75,108015,491.25,107539.75,107638,98.25,105728.75,106220.75,492,105733.25,105831.5,98.25
107269.5,107762.25,492.75,107278,107377.25,99.25,108256.25,108747.75,491.5,108259.75,108358,98.25,106428.5,106920.25,491.75,106434.75,106532.75,98
107968.75,108461.75,493,107987.25,108086.5,99.25,108972.25,109463.75,491.5,108969.25,109067.25,98,107127.5,107619.5,492,107132.25,107231.5,99.25
108668.25,109161,492.75,108686,108785.25,99.25,109671.5,110163,491.5,109678.5,109776.5,98,107826.75,108318.75,492,107834.75,107940.75,106
109367.5,109860.25,492.75,109386.75,109486.5,99.75,110387.25,110879,491.75,110409,110507.25,98.25,108526.25,109018,491.75,108530.75,108628.75,98
110066.75,110559.5,492.75,110087.25,110185.25,98,111103.75,111595,491.25,111129.25,111227.25,98,109225.5,109717.5,492,109232.25,109330.25,98
110782.5,111275.5,493,110787.25,110886.5,99.25,111819.75,112311,491.25,111827.75,111926,98.25,109925,110416.75,491.75,109930.75,110029,98.25
111482,111975,493,111496.75,111596,99.25,112518.75,113010.25,491.5,112529.25,112627.25,98,110624,111116,492,110631,110730.25,99.25
112181.25,112674.25,493,112198.25,112297.25,99,113234.75,113726.25,491.5,113237.5,113336.75,99.25,111323.5,111815.5,492,111330.75,111429,98.25
112880.5,113373.5,493,112897.75,112996,98.25,113934,114425.5,491.5,113940,114038,98,112039.5,112514.75,475.25,112041.25,112140.25,99
113580,114073,493,113598.25,113697.25,99,114650,115141.5,491.5,114649.25,114747.25,98,112722.25,113214,491.75,112732.75,112831,98.25
114279,114772.25,493.25,114296.75,114396,99.25,115366,115857.5,491.5,115369.25,115467.25,98,113421.5,113913.25,491.75,113420.75,113519,98.25
114995.25,115488.25,493,115006.25,115105.25,99,116065.25,116556.75,491.5,116089.25,116187.25,98,114121,114612.75,491.75,114121,114220.25,99.25
115694.5,116187.5,493,115707.5,115806.75,99.25,116781.5,117272.75,491.25,116780,116878,98,114837,115328.75,491.75,114842.25,114940.25,98
116393.75,116886.75,493,116406,116505.25,99.25,117497.5,117988.75,491.25,117497.5,117598,100.5,115536,116028,492,115540.75,115639,98.25
117093,117586.25,493.25,117107.5,117206.5,99,118196.75,118688,491.25,118220,118318,98,116235.25,116727.25,492,116242,116340.25,98.25
117792.5,118285.5,493,117807,117905.25,98.25,118912.75,119404,491.25,118928.25,119027.25,99,116934.75,117426.5,491.75,116940.75,117039,98.25
118491.75,118984.75,493,118519.25,118617.25,98,119612,120120,508,119649.25,119747.25,98,117634,118126,492,117642.25,117740.25,98
119207.75,119700.75,493,119216.75,119316,99.25,120344.75,120836,491.25,120358.5,120456.75,98.25,118333.25,118825.25,492,118340.75,118439,98.25
119907.25,120400,492.75,119918.25,120017.25,99,121060.5,121552,491.5,121078.5,121176.75,98.25,119032.75,119524.5,491.75,119052.75,119151,98.25
120606.5,121099.5,493,120617.75,120716,98.25,121776.5,122268,491.5,121780,121878,98,119732,120224,492,119740.75,119839,98.25
121305.75,121798.75,493,121319.25,121417.25,98,122475.75,122967.25,491.5,122489.25,122587.25,98,120431.25,120923.25,492,120429.75,120529.75,100
122005,122498,493,122026,122126.75,100.75,123191.75,123683.25,491.5,123208.25,123307.25,99,121130.5,121622.5,492,121132,121231,99
122704.5,123197.25,492.75,122726.25,122825.25,99,123891.25,124382.5,491.25,123918.5,124016.75,98.25,121830,122321.75,491.75,121831.5,121929.5,98
123403.75,123896.75,493,123427.5,123526.75,99.25,124607,125098.5,491.5,124609.25,124707.5,98.25,122529,123021.25,492.25,122531.75,122631,99.25
124119.75,124612.75,493,124126.25,124225.25,99,125306.5,125797.75,491.25,125308,125406,98,123228.5,123720.5,492,123231.5,123329.75,98.25
124819,125312,493,124828.5,124926.75,98.25,126022.5,126513.75,491.25,126028,126126,98,123927.75,124419.75,492,123951.5,124049.75,98.25
125518.25,126011.25,493,125527.25,125625.25,98,126721.75,127213,491.25,126748,126846,98,124626.75,125119,492.25,124631.5,124729.75,98.25
126217.75,126710.5,492.75,126238.25,126337.25,99,127437.75,127929,491.25,127449.25,127547.5,98.25,125326.5,125818.5,492,125333,125431,98
126917,127410,493,126937.75,127036,98.25,128153.75,128645,491.25,128169.25,128267.5,98.25,126026,126517.75,491.75,126030.5,126129.5,99
127616.25,128109.25,493,127639.25,127737.25,98,128869.5,129361,491.5,128889.25,128987.5,98.25,126725.25,127217,491.75,126733,126831,98
128332.25,128825.25,493,128337,128436,99,129585.75,130077,491.25,129587,129686,99,127424.25,127916.5,492.25,127430.5,127529.75,99.25
129031.5,129524.5,493,129038.25,129137.25,99,130301.75,130793,491.25,130308,130406,98,128123.75,128615.75,492,128133,128231,98
129731,130223.75,492.75,129747.75,129846.75,99,131001.25,131492.25,491,131028,131126,98,128823,129315,492,128830.5,128929.75,99.25
130430.25,130923.25,493,130447.25,130545.5,98.25,131717,132208.25,491.25,131717,131816.75,99.75,129522.25,130014.25,492,129532.75,129631,98.25
131129.75,131622.5,492.75,131147.75,131246.75,99,132433,132924.25,491.25,132438.75,132536.75,98,130221.75,130713.75,492,130223.5,130321.75,98.25
131828.75,132321.75,493,131847.25,131945.5,98.25,133148.75,133640.25,491.5,133158.5,133256.75,98.25,130921,131413,492,130922.25,131020.25,98
132528.25,133021.25,493,132548.5,132646.75,98.25,133864.75,134356,491.25,133867,133966,99,131637,132129,492,131642.25,131740.25,98
133244.25,133737.25,493,133247.25,133345.5,98.25,134580.25,135072,491.75,134598.5,134696.75,98.25,132336.25,132828.25,492,132341,132439,98
133943.25,134436.5,493.25,133959.25,134057.5,98.25,135297,135788,491,135300,135398.25,98.25,133035.5,133527.5,492,133041.25,133140.25,99
134642.75,135135.75,493,134658,134756,98,136012.75,136504,491.25,136009.25,136107.5,98.25,133735,134227,492,133741,133839,98
135341.75,135835,493.25,135357.5,135457.5,100,136712,137203.25,491.25,136728.25,136827.5,99.25,134434.25,134926.25,492,134442.25,134540.25,98
136041.5,136534.25,492.75,136056.75,136156,99.25,137428,137919.25,491.25,137428,137526,98,135133.75,135625.5,491.75,135141,135239,98
136740.75,137233.75,493,136766.25,136865.5,99.25,138144,138635.25,491.25,138148,138246,98,135833,136325,492,135842.25,135940.5,98.25
137456.75,137949.75,493,137468.75,137566.75,98,138860,139351.25,491.25,138868,138966.25,98.25,136532.25,137024.25,492,136541,136639,98
138156,138649,493,138166.25,138265.5,99.25,139559.5,140050.5,491,139580,139678.25,98.25,137231.5,137723.5,492,137233.25,137332.25,99
138855.25,139348.25,493,138868.75,138966.75,98,140275,140766.5,491.5,140288.5,140387.5,99,137914.5,138406.25,491.75,137922.25,138020.5,98.25
139554.75,140047.75,493,139566.25,139665.5,99.25,140991.25,141482.5,491.25,141008.25,141107.5,99.25,138630,139122.25,492.25,138630,138729.75,99.75
140254,140747,493,140268.75,140366.75,98,141690.5,142181.75,491.25,141707,141806.25,99.25,139329.5,139821.5,492,139333,139431,98
140953.5,141446.25,492.75,140998.25,141097.5,99.25,142390,142881.25,491.25,142449.5,142547.5,98,140028.75,140520.75,492,140071.75,140169.75,98
141669.25,142162.25,493,141707.5,141806.75,99.25,143122.25,143613.75,491.5,143169.25,143267.5,98.25,140728,141220.25,492.25,140765,140863,98
142368.5,142861.5,493,142405.5,142505.5,100,143838.25,144329.75,491.5,143889.25,143987.5,98.25,141427.5,141919.5,492,141459.75,141559,99.25
143068,143561,493,143107,143206.75,99.75,144554.25,145045.75,491.5,144587.25,144686.25,99,142126.75,142618.75,492,142162.25,142260.5,98.25
143767.25,144260.25,493,143806.25,143905.5,99.25,145253.75,145745,491.25,145300,145398.25,98.25,142826,143318,492,142860,142959,99
144450,144959.5,509.5,144518.25,144617.5,99.25,145986.5,146477.75,491.25,146020,146118.25,98.25,143525.5,144017.5,492,143561.25,143660.5,99.25
145165.75,145658.75,493,145217,145316.25,99.25,146702.25,147193.75,491.5,146740,146838.25,98.25,144224.75,144716.75,492,144261,144359,98
145865.25,146358.25,493,145917.5,146017.5,100,147401.75,147893,491.25,147438.75,147537,98.25,144924,145416,492,144962.25,145060.5,98.25
146581,147074.25,493.25,146618,146716.25,98.25,148117.75,148609,491.25,148148,148246.25,98.25,145623.25,146115.5,492.25,145661,145759.25,98.25
147280.5,147773.5,493,147318.5,147417.5,99,148833.5,149325,491.5,148867,148966.25,99.25,146306,146798,492,146362.5,146460.5,98
147979.75,148472.75,493,148028.75,148126.75,98,149549.75,150041,491.25,149579,149678.25,99.25,147022,147514,492,147061,147159.25,98.25
148679.25,149172.25,493,148727.5,148825.5,98,150265.5,150756.75,491.25,150300.25,150398.25,98,147721.25,148213.25,492,147762.25,147860.5,98.25
149378.5,149871.5,493,149428.75,149526.75,98,150965,151456.25,491.25,150998.75,151097,98.25,148437,148929.25,492.25,148471.75,148569.75,98
150077.75,150570.75,493,150126.5,150225.5,99,151664.5,152155.5,491,151717.75,151817,99.25,149136.75,149628.75,492,149173,149271,98
150777.25,151270,492.75,150827.75,150926.75,99,152380,152871.5,491.5,152428,152526.25,98.25,149836,150344.75,508.75,149871.75,149969.75,98
151493,151986,493,151527.25,151625.5,98.25,153112.75,153604,491.25,153140.25,153238.25,98,150535.25,151027.25,492,150573,150671.25,98.25
152192.25,152685.5,493.25,152238.25,152337.5,99.25,153812,154303.5,491.5,153848.25,153947.5,99.25,151234.5,151726.75,492.25,151271.75,151369.75,98
152891.75,153384.75,493,152938,153036.25,98.25,154511.5,155002.75,491.25,154567.75,154667.5,99.75,151933.75,152426,492.25,151973,152071.25,98.25
153591,154084,493,153639.5,153737.5,98,155227.5,155718.75,491.25,155260,155358.25,98.25,152633,153125.25,492.25,152671.75,152769.75,98
154290.25,154783.25,493,154337,154436.25,99.25,155927,156418,491,155969.5,156067.5,98,153332.5,153824.5,492,153372,153471.25,99.25
154989.75,155482.75,493,155038.25,155137.5,99.25,156642.75,157134,491.25,156678.75,156777,98.25,154031.75,154524,492.25,154071.75,154169.75,98
155705.25,156198.75,493.5,155747,155847,100,157358.75,157850,491.25,157408.25,157507.5,99.25,154731,155223.25,492.25,154773,154871.25,98.25
156405,156898,493,156447.5,156545.5,98,158058,158549.25,491.25,158108.25,158206.25,98,155430.5,155922.5,492,155471.75,155569.75,98
157104.25,157597.25,493,157148.75,157247,98.25,158773.75,159265.25,491.5,158827,158926.25,99.25,156129.75,156621.75,492,156173,156271.25,98.25
157803.5,158296.5,493,157847.5,157945.5,98,159490,159981.25,491.25,159519,159617,98,156829,157321.25,492.25,156871.75,156969.75,98
158502.75,158996,493.25,158548.75,158647,98.25,160189.25,160680.5,491.25,160238,160337,99,157528.25,158020.5,492.25,157570.5,157668.5,98
159202.25,159695.25,493,159247.5,159345.5,98,160905,161396.5,491.5,160940.25,161038.25,98,158227.75,158719.75,492,158261,158359.25,98.25
159901.5,160394.5,493,159959.5,160057.5,98,161604.75,162095.75,491,161659,161758.25,99.25,158926.75,159419.25,492.5,158962.5,159060.5,98
160617.5,161110.5,493,160656.25,160756.25,100,162320.5,162811.75,491.25,162369.5,162467.5,98,159626.25,160118.5,492.25,159661,159759.25,98.25
161317,161809.75,492.75,161358.25,161457.5,99.25,163036.5,163527.75,491.25,163068.25,163166.25,98,160325.5,160817.75,492.25,160362.5,160460.5,98
162016,162509.25,493.25,162058,162156.25,98.25,163752.5,164243.75,491.25,163788.25,163886.25,98,161024.75,161517.25,492.5,161061,161159.25,98.25
162715.5,163208.5,493,162759.5,162857.75,98.25,164451.75,164943,491.25,164489.5,164587.75,98.25,161724,162216.5,492.5,161762.5,161860.5,98
163414.75,163907.75,493,163458,163556.25,98.25,165151,165642.5,491.5,165198.75,165297,98.25,162423.5,162915.75,492.25,162461,162559.25,98.25
164114,164607.25,493.25,164167.5,164265.5,98,165867.25,166358.25,491,165900.25,165998.25,98,163122.75,163615,492.25,163162.5,163260.5,98
164813.25,165306.5,493.25,164868.75,164967,98.25,166566.5,167057.75,491.25,166597.75,166697,99.25,163822,164314.5,492.5,163861.25,163959.25,98
165529.5,166022.5,493,165566.5,165665.75,99.25,167282.5,167773.75,491.25,167319,167417,98,164521.25,165013.75,492.5,164562.5,164660.5,98
166228.75,166721.75,493,166268.75,166367,98.25,167981.75,168473,491.25,168028.25,168126.25,98,165220.25,165713,492.75,165261.25,165359.25,98
166928,167421,493,166967.5,167065.75,98.25,168697.75,169189,491.25,168729.5,168827.75,98.25,165936.5,166429,492.5,165973.25,166071.25,98
167627.25,168120.5,493.25,167669,167767,98,169397,169888.25,491.25,169438.75,169537,98.25,166635.75,167128.25,492.5,166661.25,166759.25,98
168326.75,168819.75,493,168377,168476.25,99.25,170112.75,170604.25,491.5,170148.25,170246.25,98,167335,167827.75,492.75,167373.25,167471.25,98
169026,169519,493,169079.5,169177.75,98.25,170829,171320.25,491.25,170859.25,170958.25,99,168034.5,168527,492.5,168071.75,168170,98.25
169725.25,170218.25,493,169777,169876.5,99.5,171544.75,172036.25,491.5,171580.25,171678.5,98.25,168733.75,169226.25,492.5,168773,168871.25,98.25
170441.25,170934.25,493,170477.75,170577.75,100,172244.25,172735.5,491.25,172277.75,172377,99.25,169433.25,169925.5,492.25,169470.75,169570,99.25
171140.5,171633.75,493.25,171176.5,171276.25,99.75,172943.5,173434.75,491.25,172980.25,173078.25,98,170132.5,170625,492.5,170173,170271.25,98.25
171839.75,172333,493.25,171886.5,171985.75,99.25,173642.75,174134,491.25,173689.5,173787.75,98.25,170832,171324.25,492.25,170871.75,170980,108.25
172539.25,173032.25,493,172589,172687,98,174375.5,174866.75,491.25,174420.25,174518.25,98,171531.25,172023.5,492.25,171572.5,171670.75,98.25
173238.5,173731.75,493.25,173287.5,173387,99.5,175074.5,175566,491.5,175119,175217,98,172230.75,172723,492.25,172271.25,172369.25,98
173937.75,174431,493.25,173987.25,174087,99.75,175791,176282,491,175828.25,175926.5,98.25,172930,173422.25,492.25,172972.5,173070.75,98.25
174653.5,175147,493.5,174685.75,174785.75,100,176506.5,176998,491.5,176540.25,176638.5,98.25,173629.25,174121.5,492.25,173671.25,173769.25,98
175336.5,175846.25,509.75,175398.5,175497.75,99.25,177205.75,177697.25,491.5,177237.75,177337,99.25,174328.5,174820.75,492.25,174369.75,174468,98.25
176052.25,176545.5,493.25,176097,176196.5,99.5,177922,178413.25,491.25,177959,178057,98,175027.75,175520.25,492.5,175063.25,175161.25,98
176735.25,177245,509.75,176797.75,176897.75,100,178621.25,179112.5,491.25,178668.25,178766.5,98.25,175727.25,176219.5,492.25,175761.75,175860,98.25
177451,177944.25,493.25,177496.5,177596.5,100,179337.25,179828.5,491.25,179369.5,179467.75,98.25,176426.5,176918.75,492.25,176463.25,176561.25,98
178150.5,178643.5,493,178197.75,178297.75,100,180053.25,180544.5,491.25,180087.75,180187.75,100,177125.75,177618.25,492.5,177160.75,177260,99.25
178866.5,179359.5,493,178909,179007,98,180752.5,181244,491.5,180788.25,180886.25,98,177825.25,178317.5,492.25,177863.25,177961.25,98
179565.75,180058.75,493,179607.5,179705.75,98.25,181468.5,181959.75,491.25,181519,181617,98,178524.5,179016.75,492.25,178561.75,178660,98.25
180265,180758.25,493.25,180307.75,180407,99.25,182184.5,182675.75,491.25,182228.25,182326.5,98.25,179224,179716,492,179262.25,179361.25,99
180964.25,181457.5,493.25,181007.5,181105.75,98.25,182884,183375.25,491.25,182929.5,183027.75,98.25,179923,180415.5,492.5,179960.75,180060,99.25
181663.75,182156.75,493,181709,181807,98,183600,184091,491,183628.25,183726.5,98.25,180622.5,181114.75,492.25,180662.25,180761.25,99
182362.75,182856,493.25,182407.75,182505.75,98,184299.25,184790.5,491.25,184348.25,184446.5,98.25,181321.75,181814,492.25,181362,181460,98
183062.25,183555.5,493.25,183118.5,183217.75,99.25,185015,185506.5,491.5,185068.25,185166.5,98.25,182021.25,182513.5,492.25,182063.25,182161.25,98
183778.25,184271.25,493,183817.25,183916.5,99.25,185731,186222.5,491.5,185779.25,185878.5,99.25,182720.5,183212.75,492.25,182761,182860,99
184477.25,184970.75,493.5,184518.5,184617.75,99.25,186447,186938.25,491.25,186479,186577,98,183436.5,183928.75,492.25,183470.25,183569.25,99
185177,185670,493,185216.5,185316.5,100,187163,187654.25,491.25,187199,187297,98,184135.75,184628,492.25,184171.5,184270.75,99.25
185876.25,186369.25,493,185919.75,186017.75,98,187862.25,188353.75,491.5,187919,188017,98,184835.25,185327.25,492,184871.25,184969.25,98
186575.5,187068.75,493.25,186628,186727,99,188578.25,189069.5,491.25,188609.75,188707.75,98,185534.5,186026.5,492,185572.5,185670.75,98.25
187274.75,187768,493.25,187327.75,187425.75,98,189277.5,189769,491.5,189308.25,189406.5,98.25,186233.5,186726,492.5,186270,186369.25,99.25
187990.75,188484,493.25,188028,188127.25,99.25,189993.5,190485,491.5,190020.25,190118.5,98.25,186933,187408.75,475.75,186972.5,187070.75,98.25
188690.25,189183.25,493,188727.75,188825.75,98,190693,191184.25,491.25,190729.75,190827.75,98,187632.5,188124.5,492,187671.25,187769.5,98.25
189389.5,189882.5,493,189439.75,189537.75,98,191408.75,191900.25,491.5,191439,191537.25,98.25,188331.75,188824,492.25,188371.5,188470.75,99.25
190089,190582,493,190136.5,190236.5,100,192091.5,192599.5,508,192168.5,192267.75,99.25,189031,189523.25,492.25,189070.25,189169.25,99
190788,191281.25,493.25,190839.75,190937.75,98,192824,193315.5,491.5,192860.25,192958.5,98.25,189730.25,190222.5,492.25,189772.5,189870.75,98.25
191487.5,191980.5,493,191538.25,191636.5,98.25,193523.5,194014.75,491.25,193569.75,193667.75,98,190429.5,190921.75,492.25,190471.25,190569.5,98.25
192203.5,192696.5,493,192238.5,192337.75,99.25,194239.75,194730.75,491,194279,194377.25,98.25,191129,191621.25,492.25,191172.75,191270.75,98
192902.75,193395.75,493,192937.25,193036.5,99.25,194955.25,195446.75,491.5,194988.5,195086.5,98,191828.25,192320.5,492.25,191863.25,191961.5,98.25
193602,194095.25,493.25,193646.75,193745.75,99,195671.25,196162.75,491.5,195718,195817.25,99.25,192527.5,193019.75,492.25,192562,192660,98
194301.25,194794.5,493.25,194349,194447.25,98.25,196370.5,196862,491.5,196419.5,196518.5,99,193227,193719.25,492.25,193262.25,193361.5,99.25
195000.5,195493.75,493.25,195047.75,195145.75,98,197086.5,197578,491.5,197119,197217.25,98.25,193926.25,194418.5,492.25,193961,194060,99
195700.25,196193,492.75,195747.25,195847.25,100,197785.75,198277.25,491.5,197839,197937.25,98.25,194625.75,195117.75,492,194662.25,194761.5,99.25
196399.25,196892.5,493.25,196446.75,196545.75,99,198518.5,199010,491.5,198558,198657.25,99.25,195325,195817,492,195362,195460,98
197115.25,197608.5,493.25,197158.75,197257.75,99,199217.75,199709.25,491.5,199249.75,199348,98.25,196024.25,196516.5,492.25,196042,196140,98
197814.5,198307.75,493.25,197857.5,197956.5,99,199933.75,200425.25,491.5,199968.5,200067.75,99.25,196723.5,197215.75,492.25,196762,196860,98
198514,199007,493,198558,198657.75,99.75,200633.25,201124.5,491.25,200679,200777.25,98.25,197422.75,197915,492.25,197462.25,197561.5,99.25
199213.25,199706.5,493.25,199257.5,199356.5,99,201349.25,201840.5,491.25,201380.5,201478.5,98,198122.25,198614.5,492.25,198162,198260,98
199912.5,200405.75,493.25,199958,200058,100,202048.5,202556.5,508,202099.25,202198.5,99.25,198821.5,199313.75,492.25,198863.25,198961.5,98.25
200612,201105,493,200657.25,200756.5,99.25,202781,203272.5,491.5,202820.25,202918.5,98.25,199520.75,200013,492.25,199562,199660,98
201311.25,201804.25,493,201367.75,201465.75,98,203497.25,203988.5,491.25,203529.75,203628,98.25,200236.75,200729,492.25,200271.25,200369.5,98.25
202027.25,202520.25,493,202068,202167.25,99.25,204213.25,204704.5,491.25,204249.75,204348,98.25,200936,201428.25,492.25,200971.75,201070.75,99
202726.5,203219.75,493.25,202766.75,202866,99.25,204912.5,205403.75,491.25,204948.5,205046.5,98,201635.25,202127.75,492.5,201671.25,201769.5,98.25
203425.75,203919,493.25,203468,203567.25,99.25,205628,206119.75,491.75,205660.5,205758.5,98,202334.75,202827,492.25,202372.75,202470.75,98
204125,204618.25,493.25,204166,204266,100,206327.5,206819,491.5,206359.25,206457.25,98,203034,203526.25,492.25,203071.25,203169.5,98.25
204824.25,205317.75,493.5,204869.25,204967.25,98,207043.5,207535,491.5,207079,207177.25,98.25,203733.5,204225.5,492,203771.5,203870.75,99.25
205523.5,206017,493.5,205577.5,205676.5,99,207759.5,208251,491.5,207788.5,207886.5,98,204432.75,204925,492.25,204471.5,204569.5,98
206239.75,206733,493.25,206279.75,206378,98.25,208475.5,208967,491.5,208508.5,208606.5,98,205132,205624.25,492.25,205172.75,205270.75,98
206939,207432.25,493.25,206978.5,207076.5,98,209174.75,209666.25,491.5,209208.75,209308,99.25,205831.5,206323.75,492.25,205870.25,205969.5,99.25
207638.25,208131.5,493.25,207678.75,207778,99.25,209890.75,210382.25,491.5,209919,210017.25,98.25,206530.5,207006.25,475.75,206572.75,206670.75,98
208337.75,208831,493.25,208387.25,208487.25,100,210589.75,211081.5,491.75,210628.5,210726.5,98,207230,207722.25,492.25,207271.5,207369.5,98
209037,209530.25,493.25,209086.75,209186,99.25,211306,211797.5,491.5,211339.5,211438.5,99,207929.25,208421.5,492.25,207972.75,208070.75,98
209736.25,210229.5,493.25,209789.25,209887.25,98,212005.5,212496.75,491.25,212060.5,212158.5,98,208628.5,209137.5,509,208666,208764.25,98.25
210452.25,210945.5,493.25,210486,210586,100,212721.25,213212.75,491.5,212768.75,212868,99.25,209327.75,209820.25,492.5,209351.25,209449.5,98.25
211151.75,211644.75,493,211286.75,211386,99.25,213437.25,213928.75,491.5,213587.5,213686.5,99,210027.25,210519.5,492.25,210162,210260.25,98.25
211851,212344,493,211998.75,212098,99.25,214152.75,214644.75,492,214300.5,214398.75,98.25,210726.5,211218.75,492.25,210863.5,210961.5,98
212550.25,213043.5,493.25,212697.5,212796.75,99.25,214852.5,215344,491.5,215009.75,215108,98.25,211425.75,211918,492.25,211562,211660.25,98.25
213249.5,213742.75,493.25,213398.75,213498,99.25,215568.75,216060,491.25,215708.5,215806.5,98,212125,212617.5,492.5,212263.25,212361.5,98.25
213949,214442,493,214098.5,214196.75,98.25,216267.75,216759.5,491.75,216428.5,216526.5,98,212824.25,213316.75,492.5,212962,213060.25,98.25
214664.75,215158,493.25,214808,214906,98,216983.75,217475.25,491.5,217128.75,217228,99.25,213523.75,214016,492.25,213663.5,213761.5,98
215364.25,215857.5,493.25,215507.5,215607.25,99.75,217699.75,218191.25,491.5,217828.5,217926.75,98.25,214223.25,214715.5,492.25,214362,214460.25,98.25
216063.5,216556.75,493.25,216207,216306,99,218415.75,218907.25,491.5,218559.25,218657.25,98,214922.5,215398,475.5,215063.5,215161.5,98
216762.75,217256,493.25,216908.25,217007.25,99,219131.75,219623.25,491.5,219268.5,219366.75,98.25,215621.75,216114,492.25,215762,215860.25,98.25
217462,217955.25,493.25,217608,217706,98,219831,220322.5,491.5,219980.75,220078.75,98,216321.25,216813.5,492.25,216463.5,216561.5,98
218178,218671.25,493.25,218318.75,218418,99.25,220547,221038.5,491.5,220688.75,220788,99.25,217037.25,217529.25,492,217172.75,217271,98.25
218877,219370.5,493.5,219016.75,219116.75,100,221246.25,221737.75,491.5,221399.25,221497.25,98,217736.5,218228.75,492.25,217870.25,217969.5,99.25
219576.75,220070,493.25,219720,219818,98,221962.25,222453.75,491.5,222108.5,222206.75,98.25,218435.75,218928,492.25,218572.75,218671,98.25
220276,220769.25,493.25,220417.5,220516.75,99.25,222678.25,223169.75,491.5,222809.75,222908,98.25,219135,219627.25,492.25,219271.5,219369.5,98
220975.5,221468.5,493,221120,221218,98,223377.75,223869.25,491.5,223519.25,223617.25,98,219834.25,220326.5,492.25,219972.75,220071,98.25
221674.75,222168,493.25,221828.25,221927.5,99.25,224093.75,224585,491.25,224239.25,224337.25,98,220533.75,221026,492.25,220671.5,220769.5,98
222374,222867.25,493.25,222528,222626,98,224809.25,225301,491.75,224939.5,225038.75,99.25,221233,221725.25,492.25,221372,221471,99
223090,223583.25,493.25,223229.25,223327.5,98.25,225508.75,226000.5,491.75,225659.5,225758.75,99.25,221932.25,222424.5,492.25,222071.5,222169.5,98
223789.25,224282.5,493.25,223926.75,224026,99.25,226208,226699.75,491.75,226359.25,226457.25,98,222631.5,223124,492.5,222772.75,222871,98.25
224488.75,224981.75,493,224638.25,224738,99.75,226924,227415.75,491.75,227077.5,227177.25,99.75,223330.75,223823.25,492.5,223471.5,223569.5,98
225188,225681.25,493.25,225337.5,225436.75,99.25,227640.25,228131.75,491.5,227780.5,227878.75,98.25,224030.25,224522.5,492.25,224172.75,224271,98.25
225887.5,226380.5,493,226040,226138,98,228339.25,228831,491.75,228488.25,228588,99.75,224729.5,225221.75,492.25,224871.5,224969.5,98
226586.75,227079.75,493,226736.75,226836.75,100,229055.25,229547,491.75,229187.5,229286.75,99.25,225429,225921.25,492.25,225566.5,225665.5,99
227285.75,227779.25,493.5,227439,227538,99,229754.75,230246.25,491.5,229908.5,230006.75,98.25,226128,226620.5,492.5,226263.5,226361.75,98.25
228001.75,228495,493.25,228136.75,228236.75,100,230470.25,230962.25,492,230610,230708,98,226827.75,227319.75,492,226962.25,227060.25,98
228701.25,229194.5,493.25,228839,228938,99,231186.75,231678.25,491.5,231319.25,231417.5,98.25,227527,228019.25,492.25,227662.5,227761.5,99
229400.5,229893.75,493.25,229549.25,229647.5,98.25,231885.75,232377.5,491.75,232038.25,232137.5,99.25,228226.25,228718.5,492.25,228362.25,228460.25,98
230099.75,230593,493.25,230246.75,230346,99.25,232602,233093.5,491.5,232739.5,232838.75,99.25,228925.5,229417.75,492.25,229063.5,229161.75,98.25
230799.25,231292.5,493.25,230948.25,231047.5,99.25,233317.75,233809.5,491.75,233460.5,233558.75,98.25,229624.75,230117,492.25,229762.25,229860.25,98
231498.5,231991.75,493.25,231648,231746,98,234034,234525.5,491.5,234168.25,234268,99.75,230324,230816.5,492.5,230463.5,230561.75,98.25
232214.5,232707.75,493.25,232348.25,232447.5,99.25,234733.25,235224.75,491.5,234879.25,234977.5,98.25,231023.5,231515.75,492.25,231161,231260.25,99.25
232913.75,233407,493.25,233056.25,233156.75,100.5,235449.25,235940.75,491.5,235599.25,235697.5,98.25,231722.75,232215,492.25,231863.5,231961.75,98.25
233596.25,234106.25,510,233760,233858,98,236165.25,236656.75,491.5,236299.5,236398.75,99.25,232422,232914.5,492.5,232561.25,232660.25,99
234312.5,234805.75,493.25,234457.5,234556.75,99.25,236864.5,237356,491.5,237010,237108,98,233121.25,233613.75,492.5,233262.5,233361.75,99.25
235011.75,235505,493.25,235160,235258,98,237580.5,238072,491.5,237730,237828,98,233820.75,234313,492.25,233961,234060.25,99.25
235711,236204.25,493.25,235867.5,235967.5,100,238296.5,238788,491.5,238439.25,238537.5,98.25,234536.5,235029,492.5,234671.5,234769.75,98.25
236410.25,236903.5,493.25,236560,236658.25,98.25,239012.25,239504,491.75,239147.5,239246.75,99.25,235235.5,235728.25,492.75,235372,235471,99
237126.25,237619.5,493.25,237269.5,237367.5,98,239711.75,240203.25,491.5,239860.75,239958.75,98,235935.25,236427.5,492.25,236071.5,236169.75,98.25
237825.5,238319,493.5,237968,238066.25,98.25,240411,240902.5,491.5,240558.25,240657.5,99.25,236634.5,237127,492.5,236771.75,236871,99.25
238525,239018.25,493.25,238669.25,238767.5,98.25,241127,241618.5,491.5,241279.25,241377.5,98.25,237333.75,237826.25,492.5,237491.75,237591,99.25
239224.25,239717.5,493.25,239366.25,239466.25,100,241843,242334.5,491.5,241988.75,242086.75,98,238033,238525.5,492.5,238172,238271,99
239923.5,240417,493.5,240068.25,240167.5,99.25,242559,243050.5,491.5,242708.5,242806.75,98.25,238732.25,239225,492.75,238871.5,238969.75,98.25
240606.25,241116.25,510,240768,240866.25,98.25,243258.25,243749.75,491.5,243399.25,243497.5,98.25,239431.75,239924.25,492.5,239551.5,239649.75,98.25
241322.25,241815.5,493.25,241469.5,241567.5,98,243974,244465.75,491.75,244119.25,244217.5,98.25,240131,240623.5,492.5,240271.5,240369.75,98.25
242038.25,242531.5,493.25,242178.75,242276.75,98,244673.75,245165,491.25,244827.75,244926.75,99,240830.5,241323,492.5,240972,241071,99
242737.5,243230.75,493.25,242879,242978.25,99.25,245389.5,245881,491.5,245540.75,245638.75,98,241529.75,242022.25,492.5,241671.75,241769.75,98
243436.75,243930.25,493.5,243578.75,243676.75,98,246105.25,246597,491.75,246250,246348.25,98.25,242229,242721.5,492.5,242370.25,242468.5,98.25
244136.25,244629.5,493.25,244280,244378.25,98.25,246804.75,247296.25,491.5,246959.5,247057.5,98,242928.5,243420.75,492.25,243063.75,243161.75,98
244835.25,245328.75,493.5,244988.25,245087.5,99.25,247520.75,248012.25,491.5,247668.75,247766.75,98,243627.75,244120.25,492.5,243762.25,243860.5,98.25
245534.75,246028.25,493.5,245687,245786.25,99.25,248236.75,248728.25,491.5,248369,248468.25,99.25,244327.25,244819.5,492.25,244463.75,244561.75,98
246250.75,246744,493.25,246388.25,246487.5,99.25,248952.75,249444.25,491.5,249100.75,249198.75,98,245026.5,245518.75,492.25,245162.25,245260.5,98.25
246950,247443.5,493.5,247087,247186.25,99.25,249652,250143.5,491.5,249799.25,249897.5,98.25,245725.75,246218.25,492.5,245863.75,245961.75,98
247649.5,248142.75,493.25,247799,247898.25,99.25,250351.5,250859.5,508,250518.25,250617.5,99.25,246425,246917.5,492.5,246562.25,246660.5,98.25
248348.75,248842,493.25,248498.75,248597,98.25,251083.75,251575.5,491.75,251238.5,251337.5,99,247124.25,247616.75,492.5,247263.75,247361.75,98
249048,249541.25,493.25,249199,249298.25,99.25,251783.25,252274.75,491.5,251929,252028.25,99.25,247823.75,248316,492.25,247962.25,248060.5,98.25
249747.5,250240.75,493.25,249897,249998.25,101.25,252499.25,252990.75,491.5,252650,252748.25,98.25,248523,249015.5,492.5,248663.75,248761.75,98
250463.25,250956.75,493.5,250600,250698.25,98.25,253198.5,253690.25,491.75,253348.75,253446.75,98,249222.25,249714.75,492.5,249362.25,249460.5,98.25
251162.75,251656,493.25,251309.5,251407.5,98,253914.5,254406,491.5,254050.25,254148.25,98,249921.75,250414,492.25,250063.75,250161.75,98
251862,252355.25,493.25,252008.25,252106.25,98,254613.75,255105.5,491.75,254769,254868.25,99.25,250621,251113.5,492.5,250761.25,250860.5,99.25
252561.25,253054.5,493.25,252709.5,252807.5,98,255329.75,255821.5,491.75,255479.5,255577.5,98,251337,251829.25,492.25,251471.75,251569.75,98
253260.75,253754,493.25,253407,253506.25,99.25,256045.25,256537.25,492,256199.5,256297.5,98,252036.5,252528.75,492.25,252173,252271.25,98.25
253960,254453.25,493.25,254109.5,254207.75,98.25,256761.75,257253.25,491.5,256907.75,257007,99.25,252735.5,253228,492.5,252871.75,252969.75,98
254676,255169.25,493.25,254817.75,254917,99.25,257477.75,257969.25,491.5,257609,257708.25,99.25,253434.75,253927.25,492.5,253572,253671.25,99.25
255375.25,255868.5,493.25,255520,255618.25,98.25,258176.75,258668.75,492,258329,258428.25,99.25,254134.25,254626.75,492.5,254271.75,254369.75,98
256074.5,256567.75,493.25,256217.75,256317,99.25,258892.75,259384.5,491.75,259028.75,259127,98.25,254833.5,255326,492.5,254973,255071.25,98.25
256774,257267.25,493.25,256920.25,257018.25,98,259592.25,260084,491.75,259739.75,259839,99.25,255532.75,256025.25,492.5,255671.75,255769.75,98
257473.25,257966.5,493.25,257619,257717,98,260308,260800,492,260460.75,260559,98.25,256232.25,256724.5,492.25,256362.25,256460.5,98.25
258172.5,258665.75,493.25,258320.25,258418.25,98,261007.5,261499.25,491.75,261158.25,261257.5,99.25,256931.5,257424,492.5,257071.75,257169.75,98
258872,259365.25,493.25,259018.75,259117,98.25,261723.75,262215.25,491.5,261867.75,261967,99.25,257630.75,258123.25,492.5,257773,257871.25,98.25
259571.25,260064.5,493.25,259728.25,259826.25,98,262439.75,262931.25,491.5,262580.75,262679,98.25,258330.25,258822.5,492.25,258471.75,258570,98.25
260287.25,260780.5,493.25,260429.5,260527.75,98.25,263155.5,263647.25,491.75,263300.75,263399,98.25,259029.5,259522,492.5,259172,259271.25,99.25
260986.75,261479.75,493,261127,261226.25,99.25,263854.5,264346.5,492,263988.75,264087,98.25,259729,260221.25,492.25,259866.5,259964.5,98
261686,262179,493,261828.5,261927.75,99.25,264570.75,265062.5,491.75,264707.75,264807,99.25,260428,260920.5,492.5,260562.5,260660.5,98
262385.25,262878.25,493,262527.25,262626.25,99,265270,265761.75,491.75,265410.25,265508.25,98,261127.5,261619.75,492.25,261263.75,261361.75,98
263084.25,263577.75,493.5,263240.25,263338.25,98,265986,266477.75,491.75,266129,266228.25,99.25,261826.75,262319.25,492.5,261962.5,262060.5,98
263783.75,264277,493.25,263939,264037,98,266702,267193.75,491.75,266838.5,266937.5,99,262526,263018.5,492.5,262663.75,262762,98.25
264499.75,264993,493.25,264639.25,264738.25,99,267401.25,267893,491.75,267540.75,267639,98.25,263225.5,263717.75,492.25,263362.5,263460.5,98
265199.25,265692.25,493,265337,265437,100,268117.25,268609,491.75,268268.75,268367,98.25,263924.75,264417,492.25,264063.75,264161.75,98
265898.5,266391.75,493.25,266039.25,266138.25,99,268833.25,269325,491.75,268979.75,269079,99.25,264607.25,265116.5,509.25,264762.25,264860.5,98.25
266597.75,267091,493.25,266749.5,266847.75,98.25,269565.75,270057.5,491.75,269707.75,269807,99.25,265323.5,265815.75,492.25,265463.75,265561.75,98
267297,267790.25,493.25,267447.25,267546.5,99.25,270281.75,270773.5,491.75,270420.75,270519,98.25,266022.75,266515,492.25,266162.5,266260.5,98
267996.5,268489.5,493,268147.75,268247.75,100,270998,271489.5,491.5,271140.75,271239,98.25,266722.25,267214.5,492.25,266863.75,266961.75,98
268712.5,269205.5,493,268847.25,268946.25,99,271713.75,272205.5,491.75,271861,271959,98,267421.5,267913.75,492.25,267562.5,267660.5,98
269411.75,269905,493.25,269549.75,269647.75,98,272429.5,272921.5,492,272569,272668.25,99.25,268137.25,268629.75,492.5,268271.75,268370,98.25
270111,270604.25,493.25,270248.25,270346.5,98.25,273129,273620.75,491.75,273279.5,273377.75,98.25,268836.75,269329,492.25,268973,269071.25,98.25
270810.5,271303.5,493,270960.25,271058.5,98.25,273845,274336.75,491.75,273988.75,274087,98.25,269536,270028.25,492.25,269671.75,269770,98.25
271509.75,272002.75,493,271659,271757,98,274561,275052.75,491.75,274709,274807,98,270235.25,270727.75,492.5,270373.25,270471.25,98
272209.25,272702.25,493,272359.25,272458.5,99.25,275277,275768.75,491.75,275409,275508.25,99.25,270934.75,271427,492.25,271070.75,271170,99.25
272908.5,273401.5,493,273059,273157,98,275992.75,276484.75,492,276130.25,276228.25,98,271634,272126.25,492.25,271773.25,271871.25,98
273624.5,274117.5,493,273760.25,273858.5,98.25,276692.25,277184,491.75,276827.75,276927,99.25,272316.5,272825.5,509,272471.75,272570,98.25
274323.75,274816.75,493,274469.5,274567.75,98.25,277391.5,277883.25,491.75,277539.75,277639,99.25,273032.75,273525,492.25,273173.25,273271.25,98
275023.25,275516,492.75,275167.25,275266.5,99.25,278107.5,278599.25,491.75,278250.25,278348.25,98,273732,274207.5,475.5,273871.75,273970,98.25
275722.25,276215.5,493.25,275869.75,275967.75,98,278807,279298.5,491.5,278958.5,279057.75,99.25,274431.5,274923.5,492,274573.25,274671.25,98
276421.75,276914.75,493,276567.25,276666.5,99.25,279522.5,280014.5,492,279669,279767,98,275130.75,275623,492.25,275272,275370,98
277120.75,277614,493.25,277267.75,277367.75,100,280222,280714,492,280370.25,280468.25,98,275829.75,276322.25,492.5,275973.25,276081.25,108
277820.25,278313.25,493,277966.5,278066.5,100,280938,281429.75,491.75,281068,281167,99,276529.25,277021.5,492.25,276668.5,276766.5,98
278519.75,279012.75,493,278668.75,278767.75,99,281654,282145.75,491.75,281799.5,281897.75,98.25,277228.5,277720.75,492.25,277360.75,277460,99.25
279235.75,279728.75,493,279379,279477,98,282353.5,282845.25,491.75,282500.75,282599,98.25,277927.75,278420.25,492.5,278063.25,278161.25,98
279935.25,280428,492.75,280080.25,280178.5,98.25,283069.25,283561.25,492,283210.25,283308.5,98.25,278627.25,279119.5,492.25,278761.75,278860,98.25
280634.5,281127.25,492.75,280778,280877.25,99.25,283768.5,284260.5,492,283909,284007,98,279326.5,279818.75,492.25,279463.25,279561.25,98
281333.5,281826.5,493,281828.5,281927.75,99.25,284484.5,284976.5,492,284981,285079,98,280025.75,280518,492.25,280513,280612,99
282132.75,282625.75,493,282628.75,282727.75,99,285300.5,285792.25,491.75,285799.75,285897.75,98,280841.5,281317.25,475.75,281331.5,281430.75,99.25
282932.25,283425,492.75,283439.25,283538.5,99.25,286116.5,286608.25,491.75,286610.25,286708.5,98.25,281641,282133.25,492.25,282131.5,282230.75,99.25
283748,284241,493,284238.5,284338.5,100,286915.75,287407.5,491.75,287410.25,287508.5,98.25,282440,282932.5,492.5,282932.5,283030.75,98.25
284547.25,285040.25,493,285040.5,285138.5,98,287714.75,288206.75,492,288210.25,288308.5,98.25,283239.25,283731.75,492.5,283722,283820,98
285346.5,285839.25,492.75,285838.5,285938.5,100,288530.75,289022.5,491.75,289029,289127,98,284038.5,284530.75,492.25,284521.75,284620,98.25
286145.75,286638.5,492.75,286640.5,286738.5,98,289346.5,289838.25,491.75,289850.25,289948.5,98.25,284838,285330,492,285321.75,285420,98.25
286945,287437.75,492.75,287448.5,287546.5,98,290162.25,290654.25,492,290661,290759,98,285637,286129.25,492.25,286122,286220,98
287744,288237,493,288248.25,288346.5,98.25,290978.25,291470.25,492,291479.75,291577.75,98,286436.25,286912,475.75,286931.5,287030.75,99.25
288560,289053,493,289046.5,289146.5,100,291794.25,292286,491.75,292278.5,292377.75,99.25,287235.5,287727.75,492.25,287721.75,287820,98.25
289359.25,289852.25,493,289848.5,289946.5,98,292593.5,293085.25,491.75,293090.25,293188.5,98.25,288034.75,288527,492.25,288522,288620,98
290158.5,290651.25,492.75,290648.5,290746.5,98,293409.25,293901,491.75,293908,294007.25,99.25,288834,289326.25,492.25,289321.75,289420,98.25
290957.75,291450.5,492.75,291459,291557.25,98.25,294225.25,294717,491.75,294730.25,294828.5,98.25,289633.25,290125.5,492.25,290120.75,290220,99.25
291757,292249.75,492.75,292259,292357.25,98.25,295024.25,295516.25,492,295530.5,295628.5,98,290432.5,290924.75,492.25,290922,291020,98
292556.25,293049,492.75,293058,293157.25,99.25,295840.25,296332,491.75,296341,296439,98,291231.75,291724,492.25,291722,291820,98
293372.25,293865,492.75,293859,293957.25,98.25,296656.25,297148,491.75,297159.75,297257.75,98,292047.5,292539.75,492.25,292532.5,292630.75,98.25
294171.25,294664.25,493,294658,294757.25,99.25,297472,297947.25,475.25,297970.25,298068.5,98.25,292846.75,293339,492.25,293331.5,293430.75,99.25
294970.75,295463.25,492.5,295459.25,295557.25,98,298287.75,298779.75,492,298781,298879.25,98.25,293629,294121.5,492.5,294119.25,294217.5,98.25
295769.5,296262.5,493,296269.75,296368,98.25,299103.5,299595.5,492,299599.75,299697.75,98,294445,294937.5,492.5,294931.75,295030.75,99
296569,297061.75,492.75,297068.75,297168,99.25,299903,300394.75,491.75,300389,300487.25,98.25,295244.25,295736.75,492.5,295731.5,295830.75,99.25
297368.25,297861,492.75,297869.75,297968,98.25,300718.75,301210.75,492,301210.25,301308.5,98.25,296043.5,296536,492.5,296531.5,296630.75,99.25
298167.25,298660.25,493,298668.75,298768,99.25,301534.75,302026.5,491.75,302020,302119.25,99.25,296842.75,297335,492.25,297332.75,297430.75,98
298983.25,299476.25,493,299469.75,299568,98.25,302333.5,302825.75,492.25,302838.5,302937.75,99.25,297642,298134.25,492.25,298131.5,298230.75,99.25
299782.5,300275.25,492.75,300268.75,300368,99.25,303150,303641.5,491.5,303649.25,303748.5,99.25,298441.25,298933.5,492.25,298932.75,299030.75,98
300581.75,301074.5,492.75,301069.75,301168,98.25,303965.75,304457.5,491.75,304461,304559.25,98.25,299240.5,299732.75,492.25,299732.75,299830.75,98
301381,301873.75,492.75,301879.5,301978.5,99,304781.5,305273.25,491.75,305269,305367.25,98.25,300039.75,300532,492.25,300526.25,300625.5,99.25
302180.25,302673,492.75,302678.75,302778.5,99.75,305597.25,306089.25,492,306079.75,306177.75,98,300839,301331.25,492.25,301322,301420.25,98.25
302979.5,303472.25,492.75,303480.5,303578.75,98.25,306413.25,306905,491.75,306901,306999.25,98.25,301638.25,302130.5,492.25,302122,302220.25,98.25
303795.25,304288,492.75,304279.5,304378.75,99.25,307212.5,307704.25,491.75,307709,307807.25,98.25,302437.25,302929.75,492.5,302922,303020.25,98.25
304594.5,305087.25,492.75,305086.75,305186.75,100,308028.25,308520.25,492,308509,308607.25,98.25,303236.5,303729,492.5,303722,303820,98
305393.5,305886.5,493,305887.5,305986.5,99,308827.5,309319.5,492,309319.75,309418,98.25,304035.75,304528,492.25,304522,304620,98
306193,306685.75,492.75,306687.5,306786.75,99.25,309643.5,310135.25,491.75,310141,310239.25,98.25,304835,305327.25,492.25,305322,305420.25,98.25
306992.25,307485,492.75,307487.5,307586.75,99.25,310459.5,310951.25,491.75,310970.5,311068.5,98,305634.25,306126.5,492.25,306121,306220.25,99.25
307791.5,308284.25,492.75,308287.5,308386.75,99.25,311292,311783.75,491.75,311789.25,311887.25,98,306433.5,306925.75,492.25,306922,307020.25,98.25
308607.25,309100,492.75,309097.5,309197.25,99.75,312108,312599.5,491.5,312621,312719.25,98.25,307232.75,307725,492.25,307722,307820.25,98.25
309406.5,309899.25,492.75,309898.25,309997.25,99,312940.25,313432,491.75,313440,313538,98,308032,308524.25,492.25,308522,308620.25,98.25
310205.75,310698.5,492.75,310698.25,310797.25,99,313756.25,314248,491.75,314248.75,314348.5,99.75,308831.25,309323.5,492.25,309322,309420.25,98.25
311005,311497.75,492.75,311498.25,311597.25,99,314572.25,315063.75,491.5,315061.25,315159.25,98,309647,310122.75,475.75,310142.25,310241.5,99.25
311804.25,312297,492.75,312310,312408,98,315371,315863,492,315861.25,315959.25,98,310446.25,310938.5,492.25,310931.75,311030.75,99
312620,313112.75,492.75,313110,313208,98,316187,316679,492,316669.25,316767.25,98,311245.5,311737.75,492.25,311731.75,311831,99.25
313419.5,313912,492.5,313908,314008,100,317003,317494.75,491.75,317490.5,317588.5,98,312011.25,312520.25,509,312514.25,312612.25,98
314218.75,314711.25,492.5,314710,314808,98,317802.25,318294,491.75,318301.25,318399.25,98,312844,313336.25,492.25,313332.75,313431,98.25
315018,315510.5,492.5,315508.75,315608,99.25,318618,319110,492,319130.5,319228.75,98.25,313643,314135.5,492.5,314132.75,314230.75,98
315817.25,316309.75,492.5,316320.5,316418.75,98.25,319450.75,319942.5,491.75,319949,320047.25,98.25,314442.25,314934.75,492.5,314931.75,315031,99.25
316599.75,317109,509.25,317119.5,317218.75,99.25,320249.75,320741.75,492,320749.25,320847.25,98,315241.5,315734,492.5,315732.75,315830.75,98
317432,317924.75,492.75,317920.75,318018.75,98,321065.75,321557.5,491.75,321570.5,321668.75,98.25,316040.75,316533,492.25,316532.75,316631,98.25
318231.25,318724,492.75,318718.75,318818.75,100,321881.5,322373.5,492,322389.25,322487.25,98,316840.25,317332.25,492,317330,317428.25,98.25
319030.5,319523.25,492.75,319519.75,319618.75,99,322697.5,323189.25,491.75,323199.75,323298,98.25,317639,318131.5,492.5,318122,318220.25,98.25
319829.75,320322.5,492.75,320327.5,320426.75,99.25,323530,324021.75,491.75,324021.25,324119.25,98,318438.5,318930.75,492.25,318921.25,319020.25,99
320629,321121.75,492.75,321128.75,321226.75,98,324329,324821,492,324821.25,324919.25,98,319237.75,319730,492.25,319721,319820.25,99.25
321428.25,321921,492.75,321926.75,322026.75,100,325145.25,325637,491.75,325629.25,325727.25,98,320037,320529.25,492.25,320522,320620.25,98.25
322227.5,322720.25,492.75,322726.75,322826.75,100,325961.25,326452.75,491.5,326461.25,326559.25,98,320836.25,321328.5,492.25,321322,321420.25,98.25
323043.25,323536,492.75,323527.5,323626.75,99.25,326760,327252,492,327261.25,327359.25,98,321635.5,322127.75,492.25,322122,322220.25,98.25
323842.5,324335.25,492.75,324327.5,324426.75,99.25,327576,328067.75,491.75,328060,328159.25,99.25,322434.75,322927,492.25,322922.25,323020.25,98
324641.75,325134.5,492.75,325137.5,325237.5,100,328375.25,328867,491.75,328880,328978,98,323233.75,323726,492.25,323722.25,323820.25,98
325441.25,325933.75,492.5,325938.5,326037.5,99,329191.25,329683,491.75,329690.5,329788.75,98.25,324033,324525.25,492.25,324522.25,324620.25,98
326240.25,326733,492.75,326739.25,326837.5,98.25,330007,330498.75,491.75,330501.25,330599.25,98,324832.5,325324.5,492,325321,325420.25,99.25
327039.5,327532.25,492.75,327538.25,327637.5,99.25,330806.25,331298,491.75,331290.5,331388.75,98.25,325631.5,326123.75,492.25,326122.25,326220.25,98
327855.25,328348,492.75,328349,328448.25,99.25,331622,332114,492,332099.5,332199.5,100,326447.5,326939.75,492.25,326932.75,327031,98.25
328654.5,329147.25,492.75,329150,329248.25,98.25,332421.25,332913.25,492,332908.25,333007.25,99,327246.25,327738.75,492.5,327732.75,327831,98.25
329453.75,329946.5,492.75,329950,330048.25,98.25,333237.25,333729,491.75,333741.25,333839.5,98.25,328046,328538,492,328531.75,328631,99.25
330253,330745.75,492.75,330750,330848.25,98.25,334053.25,334545,491.75,334540.25,334639.5,99.25,328845,329337.25,492.25,329353.25,329452.25,99
331052.25,331545,492.75,331548.25,331648.25,100,334852.25,335344.25,492,335349.25,335447.25,98,329644.25,330136.5,492.25,330132.75,330231,98.25
331851.5,332344.25,492.75,332349.25,332448.25,99,335668.5,336160,491.5,336170.75,336268.75,98,330443.5,330935.75,492.25,330932.75,331031,98.25
332667.5,333160,492.5,333159.75,333259,99.25,336484.25,336975.75,491.5,336970.5,337068.75,98.25,331242.75,331735,492.25,331732.75,331831,98.25
333466.75,333959.25,492.5,333959.75,334059,99.25,337283.25,337775,491.75,337781.25,337879.5,98.25,332042,332534.25,492.25,332533,332631,98
334265.75,334758.5,492.75,334760.75,334859,98.25,338099.25,338591,491.75,338589.25,338687.5,98.25,332841,333333.5,492.5,333333,333431,98
335065,335557.75,492.75,335560.75,335659,98.25,338915,339406.75,491.75,339410.75,339508.75,98,333640.5,334132.75,492.25,334131.75,334231,99.25
335864.25,336357,492.75,336359.75,336458.75,99,339730.75,340222.75,492,340229.25,340327.5,98.25,334439.75,334932,492.25,334922.25,335020.25,98
336647,337156.25,509.25,337159,337259,100,340546.75,341038.5,491.75,341029.25,341127.5,98.25,335238.75,335731,492.25,335722.25,335820.5,98.25
337462.75,337955.5,492.75,337967.75,338066.75,99,341346,341837.75,491.75,341850.75,341948.75,98,336038,336530.25,492.25,336543.5,336641.75,98.25
338278.5,338771.25,492.75,338768.75,338867,98.25,342161.75,342653.75,492,342668.25,342767.5,99.25,336837.5,337329.5,492,337322.25,337420.5,98.25
339077.5,339570.5,493,339567.75,339667,99.25,342994.5,343486.25,491.75,343480,343578,98,337636.5,338128.75,492.25,338122.25,338220.25,98
339877.25,340369.75,492.5,340368.75,340467,98.25,343793.75,344285.5,491.75,344290.5,344388.75,98.25,338435.75,338928,492.25,338922.25,339020.25,98
340676.25,341169,492.75,341167.75,341267,99.25,344609.5,345101.25,491.75,345101.25,345199.5,98.25,339235,339727.25,492.25,339722.25,339820.5,98.25
341475.5,341968.25,492.75,341967,342067,100,345408.75,345900.5,491.75,345909.25,346007.5,98.25,340034.25,340526.5,492.25,340522.25,340620.25,98
342274.75,342767.5,492.75,342767,342867,100,346224.25,346716.5,492.25,346720,346818,98,340833.5,341325.75,492.25,341322.25,341420.25,98
343074,343566.5,492.5,343579.5,343677.5,98,347040.5,347532.25,491.75,347541.25,347639.5,98.25,341632.5,342125,492.5,342122.25,342220.5,98.25
343889.75,344382.5,492.75,344378.5,344477.5,99,347856.5,348348.25,491.75,348349.25,348447.5,98.25,342432,342924.25,492.25,342922.25,343020.5,98.25
344689.25,345181.75,492.5,345177.75,345277.75,100,348672.5,349164,491.5,349170.75,349268.75,98,343247.75,343740,492.25,343732,343831,99
345488.5,345981,492.5,345977.75,346077.5,99.75,349488,349980,492,349970.75,350068.75,98,344047,344539.25,492.25,344531.75,344631,99.25
346287.5,346780.25,492.75,346779.5,346877.5,98,350287.25,350779,491.75,350789.5,350887.5,98,344846.25,345338.5,492.25,345333,345431,98
347086.75,347579.25,492.5,347589,347688.25,99.25,351103,351595,492,351610.75,351708.75,98,345645.5,346154.25,508.75,346131.75,346241.25,109.5
347886,348378.5,492.5,348389.25,348488.25,99,351919,352411,492,352400,352498,98,346444.5,346937,492.5,346932.25,347030.5,98.25
348685,349177.75,492.75,349189.25,349288.25,99,352718.25,353210,491.75,353219,353319.5,100.5,347243.75,347736,492.25,347732.25,347830.5,98.25
349501,349993.75,492.75,349990.25,350088.25,98,353534.25,354026,491.75,354027.5,354127.5,100,348043,348535.25,492.25,348532.25,348630.5,98.25
350300.25,350793,492.75,350790.25,350888.25,98,354350,354841.75,491.75,354840,354938.25,98.25,348842.25,349334.5,492.25,349332.25,349430.5,98.25
351099.5,351592.25,492.75,351599.75,351699,99.25,355149.25,355641,491.75,355640.25,355738.25,98,349641.5,350133.75,492.25,350132.25,350230.5,98.25
351898.75,352391.25,492.5,352401,352499,98,355965.25,356457,491.75,356450.75,356548.75,98,350441,350933,492,350932.5,351030.5,98
352698,353190.5,492.5,353199.75,353299,99.25,356764.5,357256.25,491.75,357269.5,357367.5,98,351240,351732.25,492.25,351727,351825.25,98.25
353513.75,354006.5,492.75,354000.75,354099,98.25,357597,358088.75,491.75,358080,358178.25,98.25,352039.25,352531.5,492.25,352523.5,352622.5,99
354313,354805.75,492.75,354799.75,354899,99.25,358396,358888,492,358901.5,358999.5,98,352838.5,353330.75,492.25,353324.25,353422.5,98.25
355112.25,355605,492.75,355607,355707,100,359212,359703.75,491.75,359709.5,359807.5,98,353637.75,354130,492.25,354124.25,354222.5,98.25
355911.5,356404.25,492.75,356409,356507,98,360028,360519.75,491.75,360520,360618.25,98.25,354437,354929,492,354924.25,355022.5,98.25
356710.75,357203.25,492.5,357209,357307,98,360827,361319,492,361319,361418.25,99.25,355236,355728.25,492.25,355723.25,355822.5,99.25
357510,358002.5,492.5,358009,358107,98,361643,362134.75,491.75,362130.75,362229,98.25,356035.25,356527.5,492.25,356524.25,356622.5,98.25
358309.25,358801.75,492.5,358807.75,358907,99.25,362442.25,362934,491.75,362940.25,363039.5,99.25,356834.5,357326.75,492.25,357324.25,357422.5,98.25
359125,359617.75,492.75,359609,359707,98,363258.25,363749.75,491.5,363760,363858.25,98.25,357633.75,358126,492.25,358124.5,358222.5,98
359924.25,360417,492.75,360419.5,360517.75,98.25,364074,364565.75,491.75,364559.25,364658.25,99,358433,358925.25,492.25,358924.5,359022.5,98
360723.5,361216.25,492.75,361219.75,361317.75,98,364873.25,365365,491.75,365369.75,365469,99.25,359232.25,359724.5,492.25,359724.5,359822.5,98
